{
    "ATA_Annotated_text": "See Annotated Text",
    "ATA_plain_text": "See Plain Text",
    "CWD_across": "Across",
    "CWD_down": "Down",
    "DWS_download_takeaway": "Download Your Takeaway",
    "GWR_writing_task": "Go to Writing Task",
    "RSLT_click_submit": "Please click on the submit button again to see your result.",
    "RSLT_complete_test": "Please complete the test so you can send your answers.",
    "RSLT_last_chance": "You can't modify your answers after you do this.",
    "RSLT_thanks": "Thanks for your participation.",
    "SPK_best_time": "Your Best Times",
    "SPK_your_time": "Your time is",
    "TTT_lose": "TRY AGAIN",
    "TTT_win": "YOU WIN",
    "WDS_words": "Words",
    "WLC_answer_questions": "To complete the test, answer <span class=\"strong\">all</span> of the questions.",
    "WLC_cant_make_change": "After clicking on <span class=\"strong\">Submit</span>, you will not be able to make changes. ",
    "WLC_icon_nav": "Use the icons at the bottom of the screen to navigate through the assessment.",
    "WLC_when_finished": "When finished, click on <span class=\"strong\">Submit</span> to see your score.",
    "WLC_PT_when_finished": "When finished, click on <span class=\"strong\">Submit</span>.",
    "WLC_PT_submit_any": "You can submit at any time.",
    "WLC_PT_question_count": "There are 15 screens with <span class=\"strong\">75 questions</span>.",
    "accessibility": "Accessibility",
    "allow_recording": "Please allow access to your microphone.",
    "answer_question": "Answer each question.",
    "attempt": "Attempt",
    "audio_not_supported": "Audio not supported.",
    "can_do_statements": "Can Do Statements",
    "check_your_progress": "Check Your Progress!",
    "check_your_progress_help": " acá se verificará su progreso de aprendizaje.",
    "clear": "Clear",
    "click_icon_download": "Click on the icon below to download",
    "correct": "Correct",
    "course": "Course",
    "credits": "Credits",
    "end_recording": "End Recording",
    "error": "Error",
    "examples": "Examples",
    "false": "False",
    "full": "Full",
    "help": "Help",
    "help_breadcrumbs_text": " esta es la ruta que describe el idioma, nivel y nombre de la lección.",
    "help_breadcrumbs_title": "Cabezote",
    "help_menu_text": " pantalla completa (full screen), créditos, ayuda, apagar sonidos de la interfaz, información del producto, accesibilidad.",
    "help_menu_title": "Menú herramientas",
    "help_skills_icons_text": " estos íconos indican las habilidades más destacadas dentro de la temática.",
    "help_skills_icons_title": "Habilidades",
    "hint": "Hint",
    "important": "Important",
    "info": "Info",
    "instructions": "Instructions",
    "language": "English",
    "language_points_help": "LANGUAGE POINT: Acá encontrará la gramática y aspectos culturales trabajados en la temática.",
    "learning_outcome": "Learning Outcome",
    "learning_point": "Learning Point",
    "learning_point_help": " acá encontrará la gramática más relevante de la temática.",
    "learning_points": "Learning Points",
    "lesson": "Lesson",
    "lets_explore": "Let’s Explore!",
    "lets_explore_help": " aquí inicia su proceso de aprendizaje.",
    "lets_practice": "Let’s Practice!",
    "lets_practice_help": " estas son actividades de práctica.",
    "lets_start": "Let’s Start!",
    "lets_start_help": " aquí encontrará la introducción a la temática de estudio.",
    "level": "Level",
    "listen": "Listen",
    "listening": "Listening",
    "no_recording": "Your browser does not support audio recording. Please use a modern browser such as FireFox or Chrome",
    "of": "of",
    "options": "Options",
    "play": "Play",
    "please_use_pc": "This device does not support voice recording. Please use a PC.",
    "prelo": {
        "assessment": "Self-Assessment",
        "branch": "Regional Branch",
        "center": "Center",
        "contents": "Content<span class=\"hidden\">s</span>",
        "date": "Date",
        "dr2_instructions": "Instructions: Read the text aloud.",
        "extension": "Extension Activity",
        "instructor": "Instructor",
        "learner": "Learner",
        "no": "No",
        "program": "Program",
        "yes": "Yes"
    },
    "questions": "Questions",
    "questions_help": " estas son las preguntas del test. Los botones cambiarán de color indicando que las preguntas ya fueron contestadas.",
    "read_carefully": "Read each question carefully.",
    "reading": "Reading",
    "record": "Record",
    "result": "Result",
    "result_help": " aquí conocerá el porcentaje obtenido en el test.",
    "show_answers": "Show answers",
    "sound": "Sound",
    "speaking": "Speaking",
    "start": "start",
    "start_test": "Start Test",
    "start_test_help": " aquí encontrará las funciones comunicativas que serán evaluadas a lo largo del test, las instrucciones y algunos tips para tener en cuenta.",
    "submit_button": "Submit",
    "submit_last_warning": "<span class=\"strong\">Remember:</span> when clicking <span class=\"strong\">Submit</span>, you will not be able to modify your answers.",
    "submit_test": "Submit your test.",
    "support_for_impaired": "Support for visually impaired",
    "takeaway": "Takeaway",
    "takeaway_help": " acá encontrará la versión imprimible de la temática y actividades.",
    "takeaway_pdf": "Takeaway (PDF)",
    "target_words": "Target Words",
    "target_words_help": " acá encontrará el vocabulario más relevante de la temática.",
    "test_checks_understanding": "This test checks your understanding.",
    "title_level_1": "Pre A1 Pre-starter",
    "title_level_10": "B2.2 Upper intermediate",
    "title_level_11": "B2.3 Upper intermediate",
    "title_level_2": "A1.1 Starter",
    "title_level_3": "A1.2 Starter",
    "title_level_4": "A2.1 Elementary",
    "title_level_5": "A2.2 Elementary",
    "title_level_6": "B1.1 Pre-intermediate",
    "title_level_7": "B1.2 Pre-intermediate",
    "title_level_8": "B1.3 Intermediate",
    "title_level_9": "B2.1 Intermediate",
    "true": "True",
    "try_again_button": "Try Again",
    "video_not_supported.": "Video not supported.",
    "writing": "Writing"
}