{"color":"default","exercise_common_instructions":[{"text":"Click on the best options.","type":"MMM"},{"text":"Drag the answer to the correct place.","type":"SFL"},{"text":"Drag the answer to the correct place.","type":"MF1"},{"text":"Select the best option.","type":"SMC"},{"text":"Drag the answers to the correct place.","type":"MT1"},{"text":"Select all the correct answers.","type":"MMC"},{"text":"Drag the answer to the correct place.","type":"DFL"},{"text":"Listen and repeat.","type":"SR1"},{"text":"Listen and repeat.","type":"DR1"},{"text":"Click the boxes in the table.","type":"TAB"},{"text":"Click on the best option.","type":"MRW"},{"text":"Click on the best option.","type":"CHW"},{"text":"Click on the best options.","type":"DMC"},{"text":"Click on a blank and type your response.","type":"TYP"},{"text":"Click on one option in each sentence or paragraph.","type":"SLW"},{"text":"Click on one sentence in each paragraph.","type":"SLWG"},{"text":"Click and drag your choice to the best location.","type":"SFG"},{"text":"Click on the sentence you wish to delete.","type":"ELS"},{"text":"Open the drop-drown list to each blank. Click the correct answer.","type":"MFL"},{"text":"Practice your speaking","type":"REC"},{"text":"Download the worksheet","type":"DWS"},{"text":"Click on one sentence in each paragraph.","type":"SLS"},{"text":"Guess the correct letters to uncover the hidden word.","type":"HNG"},{"text":"test","type":"SPK"}],"exercise_scorm_types":[{"exercise_type":"ATA","scorm_type":"other"},{"exercise_type":"CAS","scorm_type":"other"},{"exercise_type":"CHW","scorm_type":"true-false"},{"exercise_type":"CWD","scorm_type":"fill-in"},{"exercise_type":"DFL","scorm_type":"other"},{"exercise_type":"DMC","scorm_type":"choice"},{"exercise_type":"DWS","scorm_type":"other"},{"exercise_type":"ELS","scorm_type":"choice"},{"exercise_type":"FLC","scorm_type":"other"},{"exercise_type":"GIW","scorm_type":"fill-in"},{"exercise_type":"GWR","scorm_type":"long-fill-in"},{"exercise_type":"HNG","scorm_type":"other"},{"exercise_type":"KAR","scorm_type":"other"},{"exercise_type":"MCH","scorm_type":"other"},{"exercise_type":"MF1","scorm_type":"choice"},{"exercise_type":"MFL","scorm_type":"choice"},{"exercise_type":"MMM","scorm_type":"choice"},{"exercise_type":"MRW","scorm_type":"choice"},{"exercise_type":"MT1","scorm_type":"other"},{"exercise_type":"PRP","scorm_type":"other"},{"exercise_type":"REC","scorm_type":"other"},{"exercise_type":"RSLT","scorm_type":"other"},{"exercise_type":"SFG","scorm_type":"choice"},{"exercise_type":"SFL","scorm_type":"other"},{"exercise_type":"SLS","scorm_type":"choice"},{"exercise_type":"SLW","scorm_type":"choice"},{"exercise_type":"SLWG","scorm_type":"choice"},{"exercise_type":"SPK","scorm_type":"other"},{"exercise_type":"SR1","scorm_type":"other"},{"exercise_type":"STI","scorm_type":"other"},{"exercise_type":"TAB","scorm_type":"choice"},{"exercise_type":"TTT","scorm_type":"other"},{"exercise_type":"TYP","scorm_type":"fill-in"},{"exercise_type":"WDS","scorm_type":"other"},{"exercise_type":"WLC","scorm_type":"other"},{"exercise_type":"WSB","scorm_type":"other"}],"feedback_type":"sena","lab_task_names":{},"language":"eng","name":"robert","product_css":["main","nav","lab_selector","header","sidebar","welcome","exercise_controls","dictionary","media","group_bar","sena-icons","learning_skills"],"product_templates":["header","welcome","lab_selector","ko_templates","learning_modals","header_modals"],"sidebar_templates":[],"sidebar_tools":[],"swordfish_js":{"required_scripts":[{"contents":["core","record","dragdrop","objects","helper"],"type":"generic"},{"contents":["sena"],"type":"product"}]},"template_overrides":[{"overrides":[2],"type":"audio"},{"overrides":[2],"type":"video"},{"overrides":[2,3],"type":"DMC"},{"overrides":[2],"type":"GIW"},{"overrides":[2],"type":"MF1"},{"overrides":[2],"type":"MFL"},{"overrides":[2,3],"type":"MMM"},{"overrides":[2],"type":"MRW"},{"overrides":[2],"type":"MT1"},{"overrides":[2,"document","email"],"type":"SFL"},{"overrides":[2,"sticky-note","email"],"type":"TYP"},{"overrides":["timeline"],"type":"DFL"}]}