{"labs": [{"id": 0, "type": "scholar", "stimuli": [], "_data": [{"contents": [{"content": true, "type": "has_nav"}, {"content": true, "type": "has_exercise_controls"}], "type": "lab_options"}], "exercises": [{"template_override": 1, "id": 0, "stimuli_ids": [], "type": "MFL", "questions": [{"id": 0, "responses": [{"id": 0, "correct": 0, "selected": 0, "_data": [{"content": "", "type": "text"}]}, {"id": 1, "correct": 1, "selected": 0, "_data": [{"content": "tourism", "type": "text"}]}, {"text": "", "id": 2, "correct": 0, "selected": 0, "_data": [{"content": "tourist", "type": "text"}]}, {"text": "", "id": 3, "correct": 0, "selected": 0, "_data": [{"content": "touristic", "type": "text"}]}], "_data": [{"contents": [{"content": "James says ", "type": "text"}], "type": "question"}, {"contents": {"content": "is the industry that provides services and assistance to people wanting to visit new places. ", "type": ""}, "type": "post_question"}, {"content": "secondary_1", "type": "objective"}]}, {"id": 1, "responses": [{"id": 0, "correct": 0, "selected": 0, "_data": [{"content": "", "type": "text"}]}, {"id": 1, "correct": 0, "selected": 0, "_data": [{"content": "Airports and restaurants", "type": "text"}]}, {"text": "", "id": 2, "correct": 1, "selected": 0, "_data": [{"content": "Transportation and entertainment", "type": "text"}]}, {"text": "", "id": 3, "correct": 0, "selected": 0, "_data": [{"content": "Hotels and cars", "type": "text"}]}], "_data": [{"contents": [{"content": "", "type": "text"}], "type": "question"}, {"contents": {"content": "are services that tourists use when they travel.", "type": ""}, "type": "post_question"}, {"content": "secondary_1", "type": "objective"}]}, {"id": 2, "responses": [{"id": 0, "correct": 0, "selected": 0, "_data": [{"content": "", "type": "text"}]}, {"id": 1, "correct": 1, "selected": 0, "_data": [{"content": "clients", "type": "text"}]}, {"text": "", "id": 2, "correct": 0, "selected": 0, "_data": [{"content": "tourists", "type": "text"}]}, {"text": "", "id": 3, "correct": 0, "selected": 0, "_data": [{"content": "explorers", "type": "text"}]}], "_data": [{"contents": [{"content": "Tourists are the", "type": "text"}], "type": "question"}, {"contents": {"content": "of the tourism industry.", "type": ""}, "type": "post_question"}, {"content": "secondary_1", "type": "objective"}]}, {"id": 3, "responses": [{"id": 0, "correct": 0, "selected": 0, "_data": [{"content": "", "type": "text"}]}, {"id": 1, "correct": 0, "selected": 0, "_data": [{"content": "clients and activities", "type": "text"}]}, {"text": "", "id": 2, "correct": 0, "selected": 0, "_data": [{"content": "tourism and clients", "type": "text"}]}, {"text": "", "id": 3, "correct": 1, "selected": 0, "_data": [{"content": "destination and activities", "type": "text"}]}], "_data": [{"contents": [{"content": "Tourist's needs, ", "type": "text"}], "type": "question"}, {"contents": {"content": "are important for the economy of the tourism industry. ", "type": ""}, "type": "post_question"}, {"content": "secondary_1", "type": "objective"}]}], "_data": [{"contents": [{"content": " Tourism is a big <span class= \"italic\"> <span class=\"tool-tip\" id=\"tip_2_0\">business</span>!", "type": "text"}], "type": "instructions"}, {"contents": [{"content": "Activity 1", "type": "group_name"}], "type": "group"}, {"content": {"attempt_feedback": [{"content": "", "type": "text"}, {"content": "", "type": "text"}], "allowed_attempts": 2, "incorrect_feedback": [{"content": "Whoops! Something important is missing.", "type": "text"}, {"content": "Maybe next time...", "type": "text"}], "correct_feedback": "Correct!"}, "type": "feedback"}, {"contents": [{"content": "Reading", "type": "skill"}], "type": "learning_skills"}, {"content": [{"content": "A <span class= \"italic\">\u201cbusiness\u201d</span>  is a company or a person who buys and sells products or services.", "type": "text", "tip_id": 0}], "type": "tips"}, {"contents": [{"content": "Instructions: Click on the drop-down list. Select the correct answer.", "type": "text"}, {"content": "  You have 2 attempts to submit your answers.", "type": "text"}], "type": "post_instructions"}]}]}], "type": "sena", "_data": [{"contents": [{"content": "", "type": "lesson_name"}, {"content": "What  Is Tourism?", "type": "unit_name"}, {"content": 1, "type": "position"}, {"content": "stub", "type": "origin"}, {"content": 1, "type": "lesson"}, {"content": "A1.1", "type": "level"}], "type": "metadata"}, {"contents": [{"content": "false", "type": "test"}], "type": "achievment_test"}, {"contents": [{"content": "These are words you hear/use to talk about tourism.", "type": "text"}], "type": "target_word_describer"}, {"contents": [{"content": "Identify information about tourism in simple spoken and written situations.  Interpret the proper conceptualization to identify the important elements of the tourism industry.", "type": "primary"}, {"content": "Understands simple information in slow conversations about the communicative topics and vocabulary related to this level. Recognizes the basic tourism conceptualization applied to the tourism guidance practice. ", "type": "secondary_1"}], "type": "objectives"}, {"content": "enpe1n1le01ob01re1img01.jpg", "type": "background_image"}, {"contents": [{"content": " Verb to be in Present in Affirmative Statements", "type": "heading"}, {"content": "We use the <span class= \"italic\">verb to be in simple present</span> (<span class= \"strong\">am</span>, <span class= \"strong\">is </span> or <span class= \"strong\">are</span>) to talk about present states or something that is true at the present moment.<span class= \"strong\"> </span>", "type": "describer"}, {"content": "To create an affirmative statement, you use am, is or are after the pronoun.", "type": "text"}, {"content": "Structure</br> Subject + verb to be + complement ", "type": "text"}, {"content": "Example:<span class=\"italic\"> Tourism is the organization and operation of vacations.", "type": "text"}, {"content": "</br><div class=\"center_text\"><span class= \"strong\">Verb to be in present; affirmative statements:", "type": "text"}, {"content": "{\"rows\":8,\"columns\":3,\"cells\":[\"{\\\"type\\\": \\\"text\\\", \\\"content\\\": \\\"Pronoun\\\"}\",\"{\\\"type\\\": \\\"text\\\", \\\"content\\\": \\\"Verb to be\\\"}\",\"{\\\"type\\\": \\\"text\\\", \\\"content\\\": \\\"Complement\\\"}\",\"{\\\"type\\\": \\\"text\\\", \\\"content\\\": \\\"I\\\"}\",\"{\\\"type\\\": \\\"text\\\", \\\"content\\\": \\\"am\\\"}\",\"{\\\"type\\\": \\\"text\\\", \\\"content\\\": \\\"<span class=\\\"italic\\\">the radio host</span>.\\\"}\",\"{\\\"type\\\": \\\"text\\\", \\\"content\\\": \\\"He\\\"}\",\"{\\\"type\\\": \\\"text\\\", \\\"content\\\": \\\"is\\\"}\",\"{\\\"type\\\": \\\"text\\\", \\\"content\\\": \\\"<span class=\\\"italic\\\">a tourism expert</span>.\\\"}\",\"{\\\"type\\\": \\\"text\\\", \\\"content\\\": \\\"She\\\"}\",\"{\\\"type\\\": \\\"text\\\", \\\"content\\\": \\\"is\\\"}\",\"{\\\"type\\\": \\\"text\\\", \\\"content\\\": \\\"<span class=\\\"italic\\\">a traveler</span>.\\\"}\",\"{\\\"type\\\": \\\"text\\\", \\\"content\\\": \\\"It\\\"}\",\"{\\\"type\\\": \\\"text\\\", \\\"content\\\": \\\"is\\\"}\",\"{\\\"type\\\": \\\"text\\\", \\\"content\\\": \\\"<span class=\\\"italic\\\">a hotel</span>.\\\"}\",\"{\\\"type\\\": \\\"text\\\", \\\"content\\\": \\\"We\\\"}\",\"{\\\"type\\\": \\\"text\\\", \\\"content\\\": \\\"are\\\"}\",\"{\\\"type\\\": \\\"text\\\", \\\"content\\\": \\\"<span class=\\\"italic\\\">in the destination</span>.\\\"}\",\"{\\\"type\\\": \\\"text\\\", \\\"content\\\": \\\"They\\\"}\",\"{\\\"type\\\": \\\"text\\\", \\\"content\\\": \\\"are\\\"}\",\"{\\\"type\\\": \\\"text\\\", \\\"content\\\": \\\"<span class=\\\"italic\\\">in a radio program</span>.\\\"}\",\"{\\\"type\\\": \\\"text\\\", \\\"content\\\": \\\"You\\\"}\",\"{\\\"type\\\": \\\"text\\\", \\\"content\\\": \\\"are\\\"}\",\"{\\\"type\\\": \\\"text\\\", \\\"content\\\": \\\"<span class=\\\"italic\\\">a city visitor</span>.\\\"}\"],\"styles\":\" intro_table_border instruction_table_background\"}", "type": "table"}, {"content": "Tourism  is a big industry.", "type": "example"}, {"content": "The tourist  is important for the industry.", "type": "example"}], "type": "learning_points"}, {"contents": [{"content": "available", "type": "name"}, {"content": "something that is ready to be used ", "type": "definition"}, {"content": "(adjective)", "type": "part_speech"}, {"content": "Example: Transportation, restaurants and other services are available for travelers.", "type": "example"}, {"content": "enpe1n1le01ob01aud01", "type": "audio"}], "type": "target_word"}, {"contents": [{"content": "host", "type": "name"}, {"content": "a person or entity that receives or entertains others", "type": "definition"}, {"content": "(noun)", "type": "part_speech"}, {"content": "Example: The Kogui community is a host for the tourists who want to visit Sierra Nevada.", "type": "example"}, {"content": "enpe1n1le01ob01aud02", "type": "audio"}], "type": "target_word"}, {"contents": [{"content": "terrific", "type": "name"}, {"content": "extraordinary", "type": "definition"}, {"content": "(adjective)", "type": "part_speech"}, {"content": "Example: Terrific! Now that we know about the industry, what about the clients, what is the role of the tourist?", "type": "example"}, {"content": "enpe1n1le01ob01aud03", "type": "audio"}], "type": "target_word"}, {"contents": [{"content": "needs", "type": "name"}, {"content": "necessities ", "type": "definition"}, {"content": "(noun)", "type": "part_speech"}, {"content": "Example: What about the clients and their needs? ", "type": "example"}, {"content": "enpe1n1le01ob01aud04", "type": "audio"}], "type": "target_word"}, {"contents": [{"content": "facilities", "type": "name"}, {"content": "equipment or service for doing something", "type": "definition"}, {"content": "(noun)", "type": "part_speech"}, {"content": "Example: The tourism industry provides services, facilities, and assistance to people.", "type": "example"}, {"content": "enpe1n1le01ob01aud05", "type": "audio"}], "type": "target_word"}, {"contents": [{"content": "unfortunately", "type": "name"}, {"content": "regrettably", "type": "definition"}, {"content": "(adverb)", "type": "part_speech"}, {"content": "Example: Unfortunately, we have to finish the program.", "type": "example"}, {"content": "enpe1n1le01ob01aud06", "type": "audio"}], "type": "target_word"}, {"contents": [{"content": "Forms of Tourism", "type": "heading"}, {"content": "Understand the different forms of tourism.", "type": "describer"}, {"content": "Tourism includes the activities of people who travel and stay in different places from their usual environment for a short period of time. There are many reasons like leisure, business, etc. ", "type": "text"}, {"content": "Tourism has different forms, for example:", "type": "text"}, {"content": "1. <span class=\"strong\">International Tourism</span>: </br></br> <ul>A. Inbound Tourism: visits to your country by non-residents </br>B. Outbound Tourism: visits by residents of your country to a different country", "type": "text"}, {"content": "2. <span class=\"strong\">Internal Tourism</span>: visits by residents of your country to places in your country.", "type": "text"}, {"content": "3. <span class=\"strong\">Domestic Tourism</span>: internal tourism plus inbound tourism (including hotels, attractions and other facilities that make the destination attractive to residents and non-residents).", "type": "text"}, {"content": "4. <span class=\"strong\">National Tourism</span>: internal tourism plus outbound tourism (including travel agencies and airlines that offer their services to residents of your country or other countries).", "type": "text"}, {"content": "International tourism is when people travel to other countries. ", "type": "example"}, {"content": "Internal tourism is when people travel within their country of residence. ", "type": "example"}, {"content": "Domestic tourism is internal tourism and tourism by visitors from other countries. ", "type": "example"}, {"content": "National tourism includes travel agencies and airlines.", "type": "example"}], "type": "learning_points"}, {"contents": [{"content": "Read more information about types of tourism.", "type": "text"}, {"content": "Find a touristic place in your country. ", "type": "text"}, {"content": "Write 6 sentences describing types of tourism and industries: hotels, restaurants, etc.", "type": "text"}, {"content": "Use the verb To Be in affirmative sentences.", "type": "text"}, {"content": "Share the information with your partners and your instructor.", "type": "text"}], "type": "takeaway_extension"}, {"contents": [{"content": "I find more information about types of tourism. ", "type": "text"}, {"content": "I write about the industries involved in tourism in my country.", "type": "text"}, {"content": "I use the verb To Be in affirmative sentences.", "type": "text"}, {"content": "I share the information with the rest of the class.", "type": "text"}], "type": "takeaway_assessment"}]}