{"labs": [{"id": 0, "type": "scholar", "_data": [{"type": "lab_options", "contents": [{"content": true, "type": "has_nav"}, {"content": true, "type": "has_exercise_controls"}]}], "exercises": [{"stimuli_ids": [0], "id": 0, "img_path": "", "_data": [{"type": "instructions", "contents": [{"content": "I can identify some important concepts related to tourism.", "type": "Learning Outcomes"}, {"content": "I can talk about tourism as an industry.", "type": "Learning Outcomes"}, {"content": "I can talk about the different forms of tourism.", "type": "Learning Outcomes"}, {"content": "What is tourism for you?", "type": "Free Header Item"}, {"content": "Can you think of any touristic words?", "type": "Free Header Item"}]}, {"type": "group", "contents": [{"content": "Welcome", "type": "group_name"}]}, {"content": {"allowed_attempts": 2, "correct_feedback": "Correct", "incorrect_feedback": [{"content": "try again", "type": "text"}, {"content": "Maybe next time", "type": "text"}], "attempt_feedback": [{"content": "You have 2 tries", "type": "text"}, {"content": "you have 1 attempt left", "type": "text"}]}, "type": "feedback"}, {"content": "Ask your partner:", "type": "free_header_text"}, {"content": "Tourism As An Industry", "type": "free_type_text_area"}], "template_override": 1, "questions": [], "type": "WLC"}, {"stimuli_ids": [1], "id": 1, "_data": [{"type": "instructions", "contents": [{"content": "Tourism is an industry, <span class=\"tool-tip\" id=\"tip_1_0\">you know?", "type": "text"}]}, {"type": "group", "contents": [{"content": "Content", "type": "group_name"}]}, {"content": {"allowed_attempts": 2, "correct_feedback": "Correct!", "incorrect_feedback": [{"content": "Whoops! Something important is missing.", "type": "text"}, {"content": "Maybe next time...", "type": "text"}], "attempt_feedback": [{"content": "", "type": "text"}, {"content": "", "type": "text"}]}, "type": "feedback"}, {"type": "learning_skills", "contents": [{"content": "Listening", "type": "skill"}, {"content": "Reading", "type": "skill"}]}, {"content": [{"tip_id": 0, "content": "You use \u201c<span class=\"italic\">you know?</span>\u201d to emphasize informally. ", "type": "text"}], "type": "tips"}, {"type": "post_instructions", "contents": [{"content": "Instructions: Click on the play button to listen to the audio.", "type": "text"}]}], "template_override": 1, "questions": [{"id": 0, "responses": [{"id": 0, "correct": 0, "selected": 0, "_data": [{"content": "", "type": "text"}]}, {"id": 1, "correct": 1, "selected": 0, "_data": [{"content": "", "type": "text"}]}], "_data": [{"type": "question", "contents": [{"content": "", "type": "text"}]}]}], "type": "STI"}, {"stimuli_ids": [], "id": 2, "_data": [{"type": "instructions", "contents": [{"content": " Tourism is a big <span class= \"italic\"> <span class=\"tool-tip\" id=\"tip_2_0\">business</span>!", "type": "text"}]}, {"type": "group", "contents": [{"content": "Activity 1", "type": "group_name"}]}, {"content": {"allowed_attempts": 2, "correct_feedback": "Correct!", "incorrect_feedback": [{"content": "Whoops! Something important is missing.", "type": "text"}, {"content": "Maybe next time...", "type": "text"}], "attempt_feedback": [{"content": "", "type": "text"}, {"content": "", "type": "text"}]}, "type": "feedback"}, {"type": "learning_skills", "contents": [{"content": "Reading", "type": "skill"}]}, {"content": [{"tip_id": 0, "content": "A <span class= \"italic\">\u201cbusiness\u201d</span>  is a company or a person who buys and sells products or services.", "type": "text"}], "type": "tips"}, {"type": "post_instructions", "contents": [{"content": "Instructions: Click on the drop-down list. Select the correct answer.", "type": "text"}, {"content": "  You have 2 attempts to submit your answers.", "type": "text"}]}], "template_override": 1, "questions": [{"id": 0, "responses": [{"id": 0, "correct": 0, "selected": 0, "_data": [{"content": "", "type": "text"}]}, {"id": 1, "correct": 1, "selected": 0, "_data": [{"content": "tourism", "type": "text"}]}, {"id": 2, "text": "", "correct": 0, "selected": 0, "_data": [{"content": "tourist", "type": "text"}]}, {"id": 3, "text": "", "correct": 0, "selected": 0, "_data": [{"content": "touristic", "type": "text"}]}], "_data": [{"type": "question", "contents": [{"content": "James says ", "type": "text"}]}, {"type": "post_question", "contents": {"content": "is the industry that provides services and assistance to people wanting to visit new places. ", "type": ""}}, {"content": "secondary_1", "type": "objective"}]}, {"id": 1, "responses": [{"id": 0, "correct": 0, "selected": 0, "_data": [{"content": "", "type": "text"}]}, {"id": 1, "correct": 0, "selected": 0, "_data": [{"content": "Airports and restaurants", "type": "text"}]}, {"id": 2, "text": "", "correct": 1, "selected": 0, "_data": [{"content": "Transportation and entertainment", "type": "text"}]}, {"id": 3, "text": "", "correct": 0, "selected": 0, "_data": [{"content": "Hotels and cars", "type": "text"}]}], "_data": [{"type": "question", "contents": [{"content": "", "type": "text"}]}, {"type": "post_question", "contents": {"content": "are services that tourists use when they travel.", "type": ""}}, {"content": "secondary_1", "type": "objective"}]}, {"id": 2, "responses": [{"id": 0, "correct": 0, "selected": 0, "_data": [{"content": "", "type": "text"}]}, {"id": 1, "correct": 1, "selected": 0, "_data": [{"content": "clients", "type": "text"}]}, {"id": 2, "text": "", "correct": 0, "selected": 0, "_data": [{"content": "tourists", "type": "text"}]}, {"id": 3, "text": "", "correct": 0, "selected": 0, "_data": [{"content": "explorers", "type": "text"}]}], "_data": [{"type": "question", "contents": [{"content": "Tourists are the", "type": "text"}]}, {"type": "post_question", "contents": {"content": "of the tourism industry.", "type": ""}}, {"content": "secondary_1", "type": "objective"}]}, {"id": 3, "responses": [{"id": 0, "correct": 0, "selected": 0, "_data": [{"content": "", "type": "text"}]}, {"id": 1, "correct": 0, "selected": 0, "_data": [{"content": "clients and activities", "type": "text"}]}, {"id": 2, "text": "", "correct": 0, "selected": 0, "_data": [{"content": "tourism and clients", "type": "text"}]}, {"id": 3, "text": "", "correct": 1, "selected": 0, "_data": [{"content": "destination and activities", "type": "text"}]}], "_data": [{"type": "question", "contents": [{"content": "Tourist's needs, ", "type": "text"}]}, {"type": "post_question", "contents": {"content": "are important for the economy of the tourism industry. ", "type": ""}}, {"content": "secondary_1", "type": "objective"}]}], "type": "MFL"}, {"stimuli_ids": [], "id": 3, "_data": [{"type": "instructions", "contents": [{"content": " Let's talk about tourism!", "type": "text"}]}, {"type": "group", "contents": [{"content": "Activity 2", "type": "group_name"}]}, {"content": {"allowed_attempts": 2, "correct_feedback": "Correct!", "incorrect_feedback": [{"content": "Whoops! Something important is missing.", "type": "text"}, {"content": "Maybe next time...", "type": "text"}], "attempt_feedback": [{"content": "", "type": "text"}, {"content": "", "type": "text"}]}, "type": "feedback"}, {"type": "learning_skills", "contents": [{"content": "Reading", "type": "skill"}, {"content": "Listening", "type": "skill"}]}, {"type": "post_instructions", "contents": [{"content": "Instructions:<span class=\"bullet\">Listen to the audio.</span>   <span class=\"bullet\">Move the words from the box to correctly complete the sentences.</span>  <span class=\"bullet\">There are three words you don't need to use.</span> ", "type": "text"}, {"content": " You have 2 attempts to submit your answers.", "type": "text"}]}], "template_override": 1, "questions": [{"id": 0, "responses": [{"id": 0, "correct": 0, "selected": 0, "_data": [{"content": "", "type": "text"}]}, {"id": 1, "correct": 1, "selected": 0, "_data": [{"content": "industry", "type": "text"}]}, {"id": 2, "text": "", "correct": 0, "selected": 0, "_data": [{"content": "employment", "type": "text"}]}], "_data": [{"type": "question", "contents": [{"content": "enpe1n1le01ob01re4aud01", "type": "audio"}, {"content": "Tourism is a big ", "type": "text"}]}, {"type": "post_question", "contents": {"content": ".", "type": ""}}, {"content": "secondary_1", "type": "objective"}]}, {"id": 1, "responses": [{"id": 0, "correct": 0, "selected": 0, "_data": [{"content": "", "type": "text"}]}, {"id": 1, "correct": 1, "selected": 0, "_data": [{"content": "facilities", "type": "text"}]}, {"id": 2, "text": "", "correct": 0, "selected": 0, "_data": [{"content": "facilities and needs", "type": "text"}]}], "_data": [{"type": "question", "contents": [{"content": "enpe1n1le01ob01re4aud02", "type": "audio"}, {"content": "Car rentals and attractions are ", "type": "text"}]}, {"type": "post_question", "contents": {"content": "that tourism offers.", "type": ""}}, {"content": "secondary_1", "type": "objective"}]}, {"id": 2, "responses": [{"id": 0, "correct": 0, "selected": 0, "_data": [{"content": "", "type": "text"}]}, {"id": 1, "correct": 1, "selected": 0, "_data": [{"content": "employment", "type": "text"}]}], "_data": [{"type": "question", "contents": [{"content": "enpe1n1le01ob01re4aud03", "type": "audio"}, {"content": "Tourism activities generate ", "type": "text"}]}, {"type": "post_question", "contents": {"content": "in places like hotels and restaurants. ", "type": ""}}, {"content": "secondary_1", "type": "objective"}]}, {"id": 3, "responses": [{"id": 0, "correct": 0, "selected": 0, "_data": [{"content": "", "type": "text"}]}, {"id": 1, "correct": 1, "selected": 0, "_data": [{"content": "tourists and travel agents ", "type": "text"}]}, {"id": 2, "text": "", "correct": 0, "selected": 0, "_data": [{"content": "travel agents and pilots", "type": "text"}]}], "_data": [{"type": "question", "contents": [{"content": "enpe1n1le01ob01re4aud04", "type": "audio"}, {"content": "Interactions between ", "type": "text"}]}, {"type": "post_question", "contents": {"content": "are important in the tourism industry.", "type": ""}}, {"content": "secondary_1", "type": "objective"}]}, {"id": 4, "responses": [{"id": 0, "correct": 0, "selected": 0, "_data": [{"content": "", "type": "text"}]}, {"id": 1, "correct": 1, "selected": 0, "_data": [{"content": "Host governments and communities ", "type": "text"}]}], "_data": [{"type": "question", "contents": [{"content": "enpe1n1le01ob01re4aud05", "type": "audio"}]}, {"type": "post_question", "contents": {"content": "are important groups that attract visitors from other countries.  ", "type": ""}}, {"content": "secondary_1", "type": "objective"}]}], "type": "SFL"}, {"stimuli_ids": [], "id": 4, "_data": [{"type": "instructions", "contents": [{"content": " What are the types of tourism in your country?", "type": "text"}]}, {"type": "group", "contents": [{"content": "Activity 3", "type": "group_name"}]}, {"content": {"allowed_attempts": 2, "correct_feedback": "Correct!", "incorrect_feedback": [{"content": "Whoops! Something important is missing.", "type": "text"}, {"content": "Maybe next time...", "type": "text"}], "attempt_feedback": [{"content": "", "type": "text"}, {"content": "", "type": "text"}]}, "type": "feedback"}, {"type": "learning_skills", "contents": [{"content": "Writing", "type": "skill"}, {"content": "Listening", "type": "skill"}, {"content": "Reading", "type": "skill"}]}, {"type": "post_instructions", "contents": [{"content": "Instructions: <span class=\"bullet\">Listen to the audio.</span> <span class=\"bullet\">Type in the missing words. </span><span class=\"bullet\">Use capital letters where necessary.</span>", "type": "text"}, {"content": "  You have 2 attempts to submit your answers.", "type": "text"}]}], "template_override": 1, "questions": [{"id": 0, "responses": [{"id": 0, "correct": 0, "selected": 0, "_data": [{"content": "", "type": "text"}]}, {"id": 1, "correct": 1, "selected": 0, "_data": [{"content": "is", "type": "text"}]}], "_data": [{"type": "question", "contents": [{"content": "International tourism ", "type": "text"}, {"content": "enpe1n1le01ob01re5aud01", "type": "audio"}]}, {"type": "post_question", "contents": {"content": "when visitors travel to other countries. ", "type": ""}}, {"content": "secondary_1", "type": "objective"}]}, {"id": 1, "responses": [{"id": 0, "correct": 0, "selected": 0, "_data": [{"content": "", "type": "text"}]}, {"id": 1, "correct": 1, "selected": 0, "_data": [{"content": "is", "type": "text"}]}], "_data": [{"type": "question", "contents": [{"content": "Internal tourism ", "type": "text"}, {"content": "enpe1n1le01ob01re5aud02", "type": "audio"}]}, {"type": "post_question", "contents": {"content": "when you travel in your own country.", "type": ""}}, {"content": "secondary_1", "type": "objective"}]}, {"id": 2, "responses": [{"id": 0, "correct": 0, "selected": 0, "_data": [{"content": "", "type": "text"}]}, {"id": 1, "correct": 1, "selected": 0, "_data": [{"content": "Domestic", "type": "text"}]}], "_data": [{"type": "question", "contents": [{"content": "", "type": "text"}, {"content": "enpe1n1le01ob01re5aud03", "type": "audio"}]}, {"type": "post_question", "contents": {"content": "tourism includes the hotels and attractions in a country.", "type": ""}}, {"content": "secondary_1", "type": "objective"}]}, {"id": 3, "responses": [{"id": 0, "correct": 0, "selected": 0, "_data": [{"content": "", "type": "text"}]}, {"id": 1, "correct": 1, "selected": 0, "_data": [{"content": "is", "type": "text"}]}], "_data": [{"type": "question", "contents": [{"content": "National tourism ", "type": "text"}, {"content": "enpe1n1le01ob01re5aud04", "type": "audio"}]}, {"type": "post_question", "contents": {"content": "travel agents and airlines in your country assisting residents of your country to visit places within it.", "type": ""}}, {"content": "secondary_1", "type": "objective"}]}, {"id": 4, "responses": [{"id": 0, "correct": 0, "selected": 0, "_data": [{"content": "", "type": "text"}]}, {"id": 1, "correct": 1, "selected": 0, "_data": [{"content": "are", "type": "text"}]}], "_data": [{"type": "question", "contents": [{"content": "Two important types of tourism ", "type": "text"}, {"content": "enpe1n1le01ob01re5aud05", "type": "audio"}]}, {"type": "post_question", "contents": {"content": "international and domestic tourism. ", "type": ""}}, {"content": "secondary_1", "type": "objective"}]}], "type": "TYP"}, {"id": 5, "stimuli_ids": [], "_data": [{"type": "instructions", "contents": []}, {"type": "group", "contents": [{"content": "Activity 3", "type": "group_name"}]}, {"content": {"allowed_attempts": 2, "correct_feedback": "Correct!", "incorrect_feedback": [{"content": "Whoops! Something important is missing.", "type": "text"}, {"content": "Maybe next time...", "type": "text"}], "attempt_feedback": [{"content": "", "type": "text"}, {"content": "", "type": "text"}]}, "type": "feedback"}], "template_override": 1, "questions": [{"id": 0, "responses": [{"id": 0, "correct": 0, "selected": 0, "_data": [{"content": "", "type": "text"}]}, {"id": 1, "correct": 1, "selected": 0, "_data": [{"content": "", "type": "text"}]}], "_data": [{"type": "question", "contents": [{"content": "", "type": "text"}]}]}], "type": "EXT"}, {"stimuli_ids": [], "id": 6, "_data": [{"type": "instructions", "contents": [{"content": " James talks about the business travel industry.", "type": "text"}]}, {"type": "group", "contents": [{"content": "Quiz", "type": "group_name"}]}, {"content": {"allowed_attempts": 2, "correct_feedback": "Correct!", "incorrect_feedback": [{"content": "Whoops! Something important is missing.", "type": "text"}, {"content": "Maybe next time...", "type": "text"}], "attempt_feedback": [{"content": "", "type": "text"}, {"content": "", "type": "text"}]}, "type": "feedback"}, {"type": "post_instructions", "contents": [{"content": "Instructions: <span class=\"bullet\">Listen to the\naudio.</span> <span class=\"bullet\">Click on TRUE if the\nstatement is true.</span> <span class=\"bullet\">Click on\nFALSE if the statement is false. </span>\n", "type": "text"}]}, {"type": "pre_screen", "contents": [{"content": "BLANK", "type": "pre_quiz"}]}], "template_override": 1, "questions": [{"id": 0, "responses": [{"id": 0, "correct": 1, "selected": 0, "_data": [{"content": "true", "type": "text"}]}, {"id": 1, "correct": 0, "selected": 0, "_data": [{"content": "false", "type": "text"}]}], "_data": [{"type": "question", "contents": [{"content": "enpe1n1le01ob01re6aud01", "type": "audio"}, {"content": "The tourism industry is made up of different sectors.", "type": "text"}]}, {"content": "secondary_1", "type": "objective"}]}, {"id": 1, "responses": [{"id": 0, "correct": 0, "selected": 0, "_data": [{"content": "true", "type": "text"}]}, {"id": 1, "correct": 1, "selected": 0, "_data": [{"content": "false", "type": "text"}]}], "_data": [{"type": "question", "contents": [{"content": "enpe1n1le01ob01re6aud02", "type": "audio"}, {"content": "The role of the different sectors in tourism is to satisfy the needs of the tourist. ", "type": "text"}]}, {"content": "secondary_1", "type": "objective"}]}, {"id": 2, "responses": [{"id": 0, "correct": 0, "selected": 0, "_data": [{"content": "true", "type": "text"}]}, {"id": 1, "correct": 1, "selected": 0, "_data": [{"content": "false", "type": "text"}]}], "_data": [{"type": "question", "contents": [{"content": "enpe1n1le01ob01re6aud03", "type": "audio"}, {"content": "Hotels and shopping are important facilities for tourists.", "type": "text"}]}, {"content": "secondary_1", "type": "objective"}]}], "type": "CHW"}, {"stimuli_ids": [], "id": 7, "_data": [{"type": "instructions", "contents": [{"content": " What is tourism related to?", "type": "text"}]}, {"type": "group", "contents": [{"content": "Quiz", "type": "group_name"}]}, {"content": {"allowed_attempts": 2, "correct_feedback": "Correct!", "incorrect_feedback": [{"content": "Whoops! Something important is missing.", "type": "text"}, {"content": "Maybe next time...", "type": "text"}], "attempt_feedback": [{"content": "", "type": "text"}, {"content": "", "type": "text"}]}, "type": "feedback"}, {"type": "post_instructions", "contents": [{"content": "Instructions: Click on the correct word to complete the sentence.", "type": "text"}]}], "template_override": 1, "questions": [{"id": 0, "responses": [{"id": 0, "correct": 0, "selected": 0, "_data": [{"content": "is", "type": "text"}]}, {"id": 1, "correct": 1, "selected": 0, "_data": [{"content": "are", "type": "text"}]}], "_data": [{"type": "question", "contents": [{"content": "Tourists", "type": "text"}]}, {"type": "post_question", "contents": {"content": "people who travel from one place to another.", "type": ""}}, {"content": "secondary_1", "type": "objective"}]}, {"id": 1, "responses": [{"id": 0, "correct": 1, "selected": 0, "_data": [{"content": "is", "type": "text"}]}, {"id": 1, "correct": 0, "selected": 0, "_data": [{"content": "are", "type": "text"}]}], "_data": [{"type": "question", "contents": [{"content": "Tourism ", "type": "text"}]}, {"type": "post_question", "contents": {"content": "a service industry.", "type": ""}}, {"content": "secondary_1", "type": "objective"}]}, {"id": 2, "responses": [{"id": 0, "correct": 1, "selected": 0, "_data": [{"content": "is", "type": "text"}]}, {"id": 1, "correct": 0, "selected": 0, "_data": [{"content": "are", "type": "text"}]}], "_data": [{"type": "question", "contents": [{"content": "A host community ", "type": "text"}]}, {"type": "post_question", "contents": {"content": "a group of people from the receiving country. ", "type": ""}}, {"content": "secondary_1", "type": "objective"}]}], "type": "MRW"}, {"stimuli_ids": [], "id": 8, "_data": [{"type": "instructions", "contents": [{"content": " Let's talk about the types of tourism.", "type": "text"}]}, {"type": "group", "contents": [{"content": "Quiz", "type": "group_name"}]}, {"content": {"allowed_attempts": 2, "correct_feedback": "Correct!", "incorrect_feedback": [{"content": "Whoops! Something important is missing.", "type": "text"}, {"content": "Maybe next time...", "type": "text"}], "attempt_feedback": [{"content": "", "type": "text"}, {"content": "", "type": "text"}]}, "type": "feedback"}, {"type": "post_instructions", "contents": [{"content": "Instructions: Move the words up or down <span class=\"sena\u00adicon\nsena\u00adicon\u00advertical\u00addrag\"></span> to complete each sentence.\n", "type": "text"}]}], "template_override": 1, "questions": [{"id": 0, "responses": [{"id": 0, "correct": 0, "selected": 0, "_data": [{"content": "", "type": "text"}]}, {"id": 1, "correct": 1, "selected": 0, "_data": [{"content": "is a person who travels to another country.", "type": "text"}]}], "_data": [{"type": "question", "contents": [{"content": "An international tourist ", "type": "text"}]}, {"content": "secondary_1", "type": "objective"}]}, {"id": 1, "responses": [{"id": 0, "correct": 0, "selected": 0, "_data": [{"content": "", "type": "text"}]}, {"id": 1, "correct": 1, "selected": 0, "_data": [{"content": "tourists who travel inside their home country.", "type": "text"}]}], "_data": [{"type": "question", "contents": [{"content": "Domestic tourists are", "type": "text"}]}, {"content": "secondary_1", "type": "objective"}]}, {"id": 2, "responses": [{"id": 0, "correct": 0, "selected": 0, "_data": [{"content": "", "type": "text"}]}, {"id": 1, "correct": 1, "selected": 0, "_data": [{"content": "forms of international tourism.", "type": "text"}]}], "_data": [{"type": "question", "contents": [{"content": "Inbound and outbound are", "type": "text"}]}, {"content": "secondary_1", "type": "objective"}]}], "type": "MT1"}, {"stimuli_ids": [], "id": 9, "_data": [{"type": "instructions", "contents": [{"content": " Is tourism a good business?", "type": "text"}]}, {"type": "group", "contents": [{"content": "Quiz", "type": "group_name"}]}, {"content": {"allowed_attempts": 2, "correct_feedback": "Correct!", "incorrect_feedback": [{"content": "Whoops! Something important is missing.", "type": "text"}, {"content": "Maybe next time...", "type": "text"}], "attempt_feedback": [{"content": "", "type": "text"}, {"content": "", "type": "text"}]}, "type": "feedback"}, {"type": "post_instructions", "contents": [{"content": "Instructions: Select the incorrect word in the sentence.", "type": "text"}]}], "template_override": 1, "questions": [{"id": 0, "responses": [{"id": 0, "correct": false, "selected": 0, "_data": [{"content": "Tourism", "type": "text"}]}, {"id": 1, "text": "", "correct": true, "selected": 0, "_data": [{"content": "are", "type": "text"}]}, {"id": 2, "text": "", "correct": 0, "selected": 0, "_data": [{"content": "a", "type": "text"}]}, {"id": 3, "text": "", "correct": 0, "selected": 0, "_data": [{"content": "group", "type": "text"}]}, {"id": 4, "text": "", "correct": 0, "selected": 0, "_data": [{"content": "of", "type": "text"}]}, {"id": 5, "text": "", "correct": 0, "selected": 0, "_data": [{"content": "services", "type": "text"}]}, {"id": 6, "text": "", "correct": 0, "selected": 0, "_data": [{"content": "for", "type": "text"}]}, {"id": 7, "text": "", "correct": 0, "selected": 0, "_data": [{"content": "the", "type": "text"}]}, {"id": 8, "text": "", "correct": 0, "selected": 0, "_data": [{"content": "traveler.", "type": "text"}]}], "_data": [{"type": "question", "contents": [{"content": "", "type": "text"}]}, {"content": "secondary_1", "type": "objective"}]}, {"id": 1, "responses": [{"id": 0, "correct": false, "selected": 0, "_data": [{"content": "Entertainment", "type": "text"}]}, {"id": 1, "text": "", "correct": 0, "selected": 0, "_data": [{"content": "and", "type": "text"}]}, {"id": 2, "text": "", "correct": 0, "selected": 0, "_data": [{"content": "transportation", "type": "text"}]}, {"id": 3, "text": "", "correct": true, "selected": 0, "_data": [{"content": "is", "type": "text"}]}, {"id": 4, "text": "", "correct": 0, "selected": 0, "_data": [{"content": "services", "type": "text"}]}, {"id": 5, "text": "", "correct": 0, "selected": 0, "_data": [{"content": "for", "type": "text"}]}, {"id": 6, "text": "", "correct": 0, "selected": 0, "_data": [{"content": "the", "type": "text"}]}, {"id": 7, "text": "", "correct": 0, "selected": 0, "_data": [{"content": "tourist.", "type": "text"}]}], "_data": [{"type": "question", "contents": [{"content": "", "type": "text"}]}, {"content": "secondary_1", "type": "objective"}]}, {"id": 2, "responses": [{"id": 0, "correct": false, "selected": 0, "_data": [{"content": "Transportation,", "type": "text"}]}, {"id": 1, "text": "", "correct": 0, "selected": 0, "_data": [{"content": "hotels, ", "type": "text"}]}, {"id": 2, "text": "", "correct": 0, "selected": 0, "_data": [{"content": "and", "type": "text"}]}, {"id": 3, "text": "", "correct": 0, "selected": 0, "_data": [{"content": "shops", "type": "text"}]}, {"id": 4, "text": "", "correct": true, "selected": 0, "_data": [{"content": "is", "type": "text"}]}, {"id": 5, "text": "", "correct": 0, "selected": 0, "_data": [{"content": "parts", "type": "text"}]}, {"id": 6, "text": "", "correct": 0, "selected": 0, "_data": [{"content": "of", "type": "text"}]}, {"id": 7, "text": "", "correct": 0, "selected": 0, "_data": [{"content": "the", "type": "text"}]}, {"id": 8, "text": "", "correct": 0, "selected": 0, "_data": [{"content": "tourism", "type": "text"}]}, {"id": 9, "text": "", "correct": 0, "selected": 0, "_data": [{"content": "industry. ", "type": "text"}]}], "_data": [{"type": "question", "contents": [{"content": "", "type": "text"}]}, {"content": "secondary_1", "type": "objective"}]}], "type": "ELS"}, {"stimuli_ids": [], "id": 10, "_data": [{"type": "instructions", "contents": [{"content": " Let's go on a trip! What type of tourism is your trip?", "type": "text"}]}, {"type": "group", "contents": [{"content": "Quiz", "type": "group_name"}]}, {"content": {"allowed_attempts": 2, "correct_feedback": "Correct!", "incorrect_feedback": [{"content": "Whoops! Something important is missing.", "type": "text"}, {"content": "Maybe next time...", "type": "text"}], "attempt_feedback": [{"content": "", "type": "text"}, {"content": "", "type": "text"}]}, "type": "feedback"}, {"type": "post_instructions", "contents": [{"content": "Instructions: Select the correct answer. ", "type": "text"}]}], "template_override": 1, "questions": [{"id": 0, "responses": [{"id": 0, "correct": 0, "selected": 0, "_data": [{"content": "Inbound tourism is when you visit places in your own country.", "type": "text"}]}, {"id": 1, "correct": 1, "selected": 0, "_data": [{"content": "Outbound tourism is when people visit another country.", "type": "text"}]}, {"id": 2, "text": "", "correct": 0, "selected": 0, "_data": [{"content": "Domestic tourism is when a tourist travels to different attractions in his own country.", "type": "text"}]}, {"id": 3, "text": "", "correct": 0, "selected": 0, "_data": [{"content": "Internal tourism is when you leave your home country.", "type": "text"}]}, {"id": 4, "text": "", "correct": 0, "selected": 0, "_data": [{"content": "National tourism is the main market for travel agents and airlines.", "type": "text"}]}], "_data": [{"type": "question", "contents": [{"content": "Which of the following facts are true about types of tourism?", "type": "text"}]}, {"content": "secondary_1", "type": "objective"}]}], "type": "DMC"}, {"stimuli_ids": [], "id": 11, "_data": [{"type": "instructions", "contents": []}, {"type": "group", "contents": [{"content": "Quiz", "type": "group_name"}]}, {"content": {"allowed_attempts": 2, "correct_feedback": "Correct!", "incorrect_feedback": [{"content": "Whoops! Something important is missing.", "type": "text"}, {"content": "Maybe next time...", "type": "text"}], "attempt_feedback": [{"content": "", "type": "text"}, {"content": "", "type": "text"}]}, "type": "feedback"}], "template_override": 1, "questions": [{"id": 0, "responses": [{"id": 0, "correct": 0, "selected": 0, "_data": [{"content": "", "type": "text"}]}, {"id": 1, "correct": 1, "selected": 0, "_data": [{"content": "", "type": "text"}]}], "_data": [{"type": "question", "contents": [{"content": "", "type": "text"}]}]}], "type": "RSLT"}, {"stimuli_ids": [], "id": 12, "_data": [{"type": "instructions", "contents": [{"content": " Instructions: Complete the following steps. Fill in the Self-Assessment.", "type": "text"}]}, {"type": "group", "contents": [{"content": "Take Away", "type": "group_name"}]}, {"content": {"allowed_attempts": 2, "correct_feedback": "Correct!", "incorrect_feedback": [{"content": "Whoops! Something important is missing.", "type": "text"}, {"content": "Maybe next time...", "type": "text"}], "attempt_feedback": [{"content": "", "type": "text"}, {"content": "", "type": "text"}]}, "type": "feedback"}], "template_override": 1, "questions": [{"id": 0, "responses": [{"id": 0, "correct": 1, "selected": 0, "_data": [{"content": "", "type": "text"}]}], "_data": [{"type": "question", "contents": [{"content": "enpe1n1le01ob01re7pdf01.pdf", "type": "pdf"}]}]}], "type": "DWS"}, {"stimuli_ids": [], "id": 13, "_data": [{"type": "instructions", "contents": [{"content": " What do you remember about tourism?", "type": "text"}]}, {"type": "group", "contents": [{"content": "Activity 3", "type": "group_name"}]}, {"content": {"allowed_attempts": 2, "correct_feedback": "Correct!", "incorrect_feedback": [{"content": "Whoops! Something important is missing.", "type": "text"}, {"content": "Maybe next time...", "type": "text"}], "attempt_feedback": [{"content": "", "type": "text"}, {"content": "", "type": "text"}]}, "type": "feedback"}, {"type": "learning_skills", "contents": [{"content": "Writing", "type": "skill"}, {"content": "Reading", "type": "skill"}, {"content": "Listening", "type": "skill"}]}, {"type": "post_instructions", "contents": [{"content": "Instructions: <span class=\"bullet\">Listen to the audio. </span> <span class=\"bullet\">Organize the mystery sentence. </span> <span class=\"bullet\"> Move each word to place it in the correct order.</span>", "type": "text"}, {"content": " You have 2 attempts to submit your answers.", "type": "text"}]}], "template_override": 1, "questions": [{"id": 0, "responses": [{"id": 0, "correct": 0, "selected": 0, "_data": [{"content": "Transportation, accommodation, restaurants, shopping and entertainment are tourism services.", "type": "text"}]}, {"id": 1, "correct": 1, "selected": 0, "_data": [{"content": "Transportation,", "type": "text"}]}, {"id": 2, "correct": 1, "selected": 0, "_data": [{"content": "accommodation,", "type": "text"}]}, {"id": 3, "correct": 1, "selected": 0, "_data": [{"content": "restaurants,", "type": "text"}]}, {"id": 4, "correct": 1, "selected": 0, "_data": [{"content": "shopping", "type": "text"}]}, {"id": 5, "correct": 1, "selected": 0, "_data": [{"content": "and", "type": "text"}]}, {"id": 6, "correct": 1, "selected": 0, "_data": [{"content": "entertainment", "type": "text"}]}, {"id": 7, "correct": 1, "selected": 0, "_data": [{"content": "are", "type": "text"}]}, {"id": 8, "correct": 1, "selected": 0, "_data": [{"content": "tourism", "type": "text"}]}, {"id": 9, "correct": 1, "selected": 0, "_data": [{"content": "services.", "type": "text"}]}], "_data": [{"type": "question", "contents": [{"content": "enpe1n1le01ob01re5aud06", "type": "audio"}, {"content": "", "type": "text"}]}, {"content": "secondary_1", "type": "objective"}]}, {"id": 1, "responses": [{"id": 0, "correct": 0, "selected": 0, "_data": [{"content": "Hotels, car rentals, attractions, and tour agencies depend on tourism industry.", "type": "text"}]}, {"id": 1, "correct": 1, "selected": 0, "_data": [{"content": "Hotels,", "type": "text"}]}, {"id": 2, "correct": 1, "selected": 0, "_data": [{"content": "car", "type": "text"}]}, {"id": 3, "correct": 1, "selected": 0, "_data": [{"content": "rentals,", "type": "text"}]}, {"id": 4, "correct": 1, "selected": 0, "_data": [{"content": "attractions,", "type": "text"}]}, {"id": 5, "correct": 1, "selected": 0, "_data": [{"content": "and", "type": "text"}]}, {"id": 6, "correct": 1, "selected": 0, "_data": [{"content": "tour", "type": "text"}]}, {"id": 7, "correct": 1, "selected": 0, "_data": [{"content": "agencies", "type": "text"}]}, {"id": 8, "correct": 1, "selected": 0, "_data": [{"content": "depend", "type": "text"}]}, {"id": 9, "correct": 1, "selected": 0, "_data": [{"content": "on", "type": "text"}]}, {"id": 10, "correct": 1, "selected": 0, "_data": [{"content": "tourism", "type": "text"}]}, {"id": 11, "correct": 1, "selected": 0, "_data": [{"content": "industry.", "type": "text"}]}], "_data": [{"type": "question", "contents": [{"content": "enpe1n1le01ob01re5aud07", "type": "audio"}, {"content": "", "type": "text"}]}, {"content": "secondary_1", "type": "objective"}]}, {"id": 2, "responses": [{"id": 0, "correct": 0, "selected": 0, "_data": [{"content": "International tourism and internal tourism are two types of tourism.", "type": "text"}]}, {"id": 1, "correct": 1, "selected": 0, "_data": [{"content": "International", "type": "text"}]}, {"id": 2, "correct": 1, "selected": 0, "_data": [{"content": "tourism", "type": "text"}]}, {"id": 3, "correct": 1, "selected": 0, "_data": [{"content": "and", "type": "text"}]}, {"id": 4, "correct": 1, "selected": 0, "_data": [{"content": "internal", "type": "text"}]}, {"id": 5, "correct": 1, "selected": 0, "_data": [{"content": "tourism", "type": "text"}]}, {"id": 6, "correct": 1, "selected": 0, "_data": [{"content": "are", "type": "text"}]}, {"id": 7, "correct": 1, "selected": 0, "_data": [{"content": "two", "type": "text"}]}, {"id": 8, "correct": 1, "selected": 0, "_data": [{"content": "types", "type": "text"}]}, {"id": 9, "correct": 1, "selected": 0, "_data": [{"content": "of", "type": "text"}]}, {"id": 10, "correct": 1, "selected": 0, "_data": [{"content": "tourism.", "type": "text"}]}], "_data": [{"type": "question", "contents": [{"content": "enpe1n1le01ob01re5aud08", "type": "audio"}, {"content": "", "type": "text"}]}, {"content": "secondary_1", "type": "objective"}]}], "type": "WSB"}], "stimuli": [{"id": 0, "template_override": 1, "type": "welcome", "contents": [{}], "_data": []}, {"id": 1, "title": "", "template_override": 1, "type": "audio", "_data": [], "contents": [{"type": "slideshow", "value": {"coverimg": "enpe1n1le01ob01re2img01.jpg", "audiosrc": "AudioSTI_prueba", "images": [{"id": 0, "text": "<div align=\"justify\"><span class=\"strong\"> Host </span>: Welcome! Today's program is about tourists and types of tourism. We have a tourism expert, James Smith. Welcome James! What's important for us to know about tourism?</br> <span class= \"strong\">James</span>: Hi Mary! Thanks for your invitation. People need to know that tourism is the industry that provides services, facilities, and assistance to people wanting to visit new places.  These include: transportation, accommodations, restaurants, shopping, and entertainment.</br><span class=\"strong\">Host </span>: Tourism is more than traveling, right?</div>", "image": "enpe1n1le01ob01re2img01.jpg", "time": "0"}, {"id": 1, "text": "</br> <div align=\"justify\"><span class= \"strong\">James</span>: Yes, tourism is a big industry which includes relationships and interactions among tourists, tourism suppliers, host governments, host communities, and environments that attract visitors. Tourism generates employment in hotels, restaurants, conference centers, car rentals, important attractions and tour agencies.</br><span class=\"strong\">Host </span>:Terrific! Now that we know about the industry, what about the clients and their needs? What is the role of the tourist?\n</br> <span class= \"strong\">James</span>: Tourists are important because they pay for the services they receive at their destinations, including activities and transportation.</div>", "image": "enpe1n1le01ob01re2img02.jpg", "time": "40000"}, {"id": 2, "text": "</br><div align=\"justify\"><span class=\"strong\">Host</span>: What about the types of tourism?</br><span class=\"strong\">James</span>: International tourism is when people travel to other countries. Internal tourism is when people travel within their country of residence. Domestic tourism is internal tourism and tourism by visitors from other countries. National tourism includes travel agencies and airlines that offer services to people visiting their own country of residence or other countries.</br><span class=\"strong\">Host</span>: Unfortunately, we have to finish the program, thanks for your time, James.</br><span class=\"strong\">James</span>: Thanks for your invitation.</div>", "image": "enpe1n1le01ob01re2img03.jpg", "time": "100000"}]}}]}, {"id": 3, "title": "", "template_override": 1, "type": "audio", "_data": [], "contents": [{"type": "img", "value": ""}]}, {"id": 4, "title": "", "template_override": 1, "type": "static", "_data": [], "contents": [{"type": "img", "value": "armar_grupo.jpg"}, {"type": "img", "value": "armar_grupo_pag_resultados.jpg"}]}]}], "type": "sena", "_data": [{"type": "metadata", "contents": [{"content": "", "type": "lesson_name"}, {"content": "What  Is Tourism?", "type": "unit_name"}, {"content": 1, "type": "position"}, {"content": "stub", "type": "origin"}, {"content": 1, "type": "lesson"}, {"content": "A1.1", "type": "level"}]}, {"type": "achievment_test", "contents": [{"content": "false", "type": "test"}]}, {"type": "target_word_describer", "contents": [{"content": "These are words you hear/use to talk about tourism.", "type": "text"}]}, {"type": "objectives", "contents": [{"content": "Identify information about tourism in simple spoken and written situations.  Interpret the proper conceptualization to identify the important elements of the tourism industry.", "type": "primary"}, {"content": "Understands simple information in slow conversations about the communicative topics and vocabulary related to this level. Recognizes the basic tourism conceptualization applied to the tourism guidance practice. ", "type": "secondary_1"}]}, {"content": "enpe1n1le01ob01re1img01.jpg", "type": "background_image"}, {"type": "learning_points", "contents": [{"content": " Verb to be in Present in Affirmative Statements", "type": "heading"}, {"content": "We use the <span class= \"italic\">verb to be in simple present</span> (<span class= \"strong\">am</span>, <span class= \"strong\">is </span> or <span class= \"strong\">are</span>) to talk about present states or something that is true at the present moment.<span class= \"strong\"> </span>", "type": "describer"}, {"content": "To create an affirmative statement, you use am, is or are after the pronoun.", "type": "text"}, {"content": "Structure</br> Subject + verb to be + complement ", "type": "text"}, {"content": "Example:<span class=\"italic\"> Tourism is the organization and operation of vacations.", "type": "text"}, {"content": "</br><div class=\"center_text\"><span class= \"strong\">Verb to be in present; affirmative statements:", "type": "text"}, {"content": "{\"rows\":8,\"columns\":3,\"cells\":[\"{\\\"type\\\": \\\"text\\\", \\\"content\\\": \\\"Pronoun\\\"}\",\"{\\\"type\\\": \\\"text\\\", \\\"content\\\": \\\"Verb to be\\\"}\",\"{\\\"type\\\": \\\"text\\\", \\\"content\\\": \\\"Complement\\\"}\",\"{\\\"type\\\": \\\"text\\\", \\\"content\\\": \\\"I\\\"}\",\"{\\\"type\\\": \\\"text\\\", \\\"content\\\": \\\"am\\\"}\",\"{\\\"type\\\": \\\"text\\\", \\\"content\\\": \\\"<span class=\\\"italic\\\">the radio host</span>.\\\"}\",\"{\\\"type\\\": \\\"text\\\", \\\"content\\\": \\\"He\\\"}\",\"{\\\"type\\\": \\\"text\\\", \\\"content\\\": \\\"is\\\"}\",\"{\\\"type\\\": \\\"text\\\", \\\"content\\\": \\\"<span class=\\\"italic\\\">a tourism expert</span>.\\\"}\",\"{\\\"type\\\": \\\"text\\\", \\\"content\\\": \\\"She\\\"}\",\"{\\\"type\\\": \\\"text\\\", \\\"content\\\": \\\"is\\\"}\",\"{\\\"type\\\": \\\"text\\\", \\\"content\\\": \\\"<span class=\\\"italic\\\">a traveler</span>.\\\"}\",\"{\\\"type\\\": \\\"text\\\", \\\"content\\\": \\\"It\\\"}\",\"{\\\"type\\\": \\\"text\\\", \\\"content\\\": \\\"is\\\"}\",\"{\\\"type\\\": \\\"text\\\", \\\"content\\\": \\\"<span class=\\\"italic\\\">a hotel</span>.\\\"}\",\"{\\\"type\\\": \\\"text\\\", \\\"content\\\": \\\"We\\\"}\",\"{\\\"type\\\": \\\"text\\\", \\\"content\\\": \\\"are\\\"}\",\"{\\\"type\\\": \\\"text\\\", \\\"content\\\": \\\"<span class=\\\"italic\\\">in the destination</span>.\\\"}\",\"{\\\"type\\\": \\\"text\\\", \\\"content\\\": \\\"They\\\"}\",\"{\\\"type\\\": \\\"text\\\", \\\"content\\\": \\\"are\\\"}\",\"{\\\"type\\\": \\\"text\\\", \\\"content\\\": \\\"<span class=\\\"italic\\\">in a radio program</span>.\\\"}\",\"{\\\"type\\\": \\\"text\\\", \\\"content\\\": \\\"You\\\"}\",\"{\\\"type\\\": \\\"text\\\", \\\"content\\\": \\\"are\\\"}\",\"{\\\"type\\\": \\\"text\\\", \\\"content\\\": \\\"<span class=\\\"italic\\\">a city visitor</span>.\\\"}\"],\"styles\":\" intro_table_border instruction_table_background\"}", "type": "table"}, {"content": "Tourism  is a big industry.", "type": "example"}, {"content": "The tourist  is important for the industry.", "type": "example"}]}, {"type": "target_word", "contents": [{"content": "available", "type": "name"}, {"content": "something that is ready to be used ", "type": "definition"}, {"content": "(adjective)", "type": "part_speech"}, {"content": "Example: Transportation, restaurants and other services are available for travelers.", "type": "example"}, {"content": "enpe1n1le01ob01aud01", "type": "audio"}]}, {"type": "target_word", "contents": [{"content": "host", "type": "name"}, {"content": "a person or entity that receives or entertains others", "type": "definition"}, {"content": "(noun)", "type": "part_speech"}, {"content": "Example: The Kogui community is a host for the tourists who want to visit Sierra Nevada.", "type": "example"}, {"content": "enpe1n1le01ob01aud02", "type": "audio"}]}, {"type": "target_word", "contents": [{"content": "terrific", "type": "name"}, {"content": "extraordinary", "type": "definition"}, {"content": "(adjective)", "type": "part_speech"}, {"content": "Example: Terrific! Now that we know about the industry, what about the clients, what is the role of the tourist?", "type": "example"}, {"content": "enpe1n1le01ob01aud03", "type": "audio"}]}, {"type": "target_word", "contents": [{"content": "needs", "type": "name"}, {"content": "necessities ", "type": "definition"}, {"content": "(noun)", "type": "part_speech"}, {"content": "Example: What about the clients and their needs? ", "type": "example"}, {"content": "enpe1n1le01ob01aud04", "type": "audio"}]}, {"type": "target_word", "contents": [{"content": "facilities", "type": "name"}, {"content": "equipment or service for doing something", "type": "definition"}, {"content": "(noun)", "type": "part_speech"}, {"content": "Example: The tourism industry provides services, facilities, and assistance to people.", "type": "example"}, {"content": "enpe1n1le01ob01aud05", "type": "audio"}]}, {"type": "target_word", "contents": [{"content": "unfortunately", "type": "name"}, {"content": "regrettably", "type": "definition"}, {"content": "(adverb)", "type": "part_speech"}, {"content": "Example: Unfortunately, we have to finish the program.", "type": "example"}, {"content": "enpe1n1le01ob01aud06", "type": "audio"}]}, {"type": "learning_points", "contents": [{"content": "Forms of Tourism", "type": "heading"}, {"content": "Understand the different forms of tourism.", "type": "describer"}, {"content": "Tourism includes the activities of people who travel and stay in different places from their usual environment for a short period of time. There are many reasons like leisure, business, etc. ", "type": "text"}, {"content": "Tourism has different forms, for example:", "type": "text"}, {"content": "1. <span class=\"strong\">International Tourism</span>: </br></br> <ul>A. Inbound Tourism: visits to your country by non-residents </br>B. Outbound Tourism: visits by residents of your country to a different country", "type": "text"}, {"content": "2. <span class=\"strong\">Internal Tourism</span>: visits by residents of your country to places in your country.", "type": "text"}, {"content": "3. <span class=\"strong\">Domestic Tourism</span>: internal tourism plus inbound tourism (including hotels, attractions and other facilities that make the destination attractive to residents and non-residents).", "type": "text"}, {"content": "4. <span class=\"strong\">National Tourism</span>: internal tourism plus outbound tourism (including travel agencies and airlines that offer their services to residents of your country or other countries).", "type": "text"}, {"content": "International tourism is when people travel to other countries. ", "type": "example"}, {"content": "Internal tourism is when people travel within their country of residence. ", "type": "example"}, {"content": "Domestic tourism is internal tourism and tourism by visitors from other countries. ", "type": "example"}, {"content": "National tourism includes travel agencies and airlines.", "type": "example"}]}, {"type": "takeaway_extension", "contents": [{"content": "Read more information about types of tourism.", "type": "text"}, {"content": "Find a touristic place in your country. ", "type": "text"}, {"content": "Write 6 sentences describing types of tourism and industries: hotels, restaurants, etc.", "type": "text"}, {"content": "Use the verb To Be in affirmative sentences.", "type": "text"}, {"content": "Share the information with your partners and your instructor.", "type": "text"}]}, {"type": "takeaway_assessment", "contents": [{"content": "I find more information about types of tourism. ", "type": "text"}, {"content": "I write about the industries involved in tourism in my country.", "type": "text"}, {"content": "I use the verb To Be in affirmative sentences.", "type": "text"}, {"content": "I share the information with the rest of the class.", "type": "text"}]}]}