{"labs": [{"id": 0, "type": "scholar", "stimuli": [], "_data": [{"contents": [{"content": true, "type": "has_nav"}, {"content": true, "type": "has_exercise_controls"}], "type": "lab_options"}], "exercises": [{"template_override": 1, "id": 0, "stimuli_ids": [], "type": "CHW", "questions": [{"id": 0, "responses": [{"id": 0, "correct": 1, "selected": 0, "_data": [{"content": "true", "type": "text"}]}, {"id": 1, "correct": 0, "selected": 0, "_data": [{"content": "false", "type": "text"}]}], "_data": [{"contents": [{"content": "enpe1n1le01ob01re6aud01", "type": "audio"}, {"content": "The tourism industry is made up of different sectors.", "type": "text"}], "type": "question"}, {"content": "secondary_1", "type": "objective"}]}, {"id": 1, "responses": [{"id": 0, "correct": 0, "selected": 0, "_data": [{"content": "true", "type": "text"}]}, {"id": 1, "correct": 1, "selected": 0, "_data": [{"content": "false", "type": "text"}]}], "_data": [{"contents": [{"content": "enpe1n1le01ob01re6aud02", "type": "audio"}, {"content": "The role of the different sectors in tourism is to satisfy the needs of the tourist. ", "type": "text"}], "type": "question"}, {"content": "secondary_1", "type": "objective"}]}, {"id": 2, "responses": [{"id": 0, "correct": 0, "selected": 0, "_data": [{"content": "true", "type": "text"}]}, {"id": 1, "correct": 1, "selected": 0, "_data": [{"content": "false", "type": "text"}]}], "_data": [{"contents": [{"content": "enpe1n1le01ob01re6aud03", "type": "audio"}, {"content": "Hotels and shopping are important facilities for tourists.", "type": "text"}], "type": "question"}, {"content": "secondary_1", "type": "objective"}]}], "_data": [{"contents": [{"content": " James talks about the business travel industry.", "type": "text"}], "type": "instructions"}, {"contents": [{"content": "Quiz", "type": "group_name"}], "type": "group"}, {"content": {"attempt_feedback": [{"content": "", "type": "text"}, {"content": "", "type": "text"}], "allowed_attempts": 2, "incorrect_feedback": [{"content": "Whoops! Something important is missing.", "type": "text"}, {"content": "Maybe next time...", "type": "text"}], "correct_feedback": "Correct!"}, "type": "feedback"}, {"contents": [{"content": "Instructions: <span class=\"bullet\">Listen to the\naudio.</span> <span class=\"bullet\">Click on TRUE if the\nstatement is true.</span> <span class=\"bullet\">Click on\nFALSE if the statement is false. </span>\n", "type": "text"}], "type": "post_instructions"}, {"contents": [{"content": "BLANK", "type": "pre_quiz"}], "type": "pre_screen"}]}, {"template_override": 1, "id": 1, "stimuli_ids": [], "type": "MRW", "questions": [{"id": 0, "responses": [{"id": 0, "correct": 0, "selected": 0, "_data": [{"content": "is", "type": "text"}]}, {"id": 1, "correct": 1, "selected": 0, "_data": [{"content": "are", "type": "text"}]}], "_data": [{"contents": [{"content": "Tourists", "type": "text"}], "type": "question"}, {"contents": {"content": "people who travel from one place to another.", "type": ""}, "type": "post_question"}, {"content": "secondary_1", "type": "objective"}]}, {"id": 1, "responses": [{"id": 0, "correct": 1, "selected": 0, "_data": [{"content": "is", "type": "text"}]}, {"id": 1, "correct": 0, "selected": 0, "_data": [{"content": "are", "type": "text"}]}], "_data": [{"contents": [{"content": "Tourism ", "type": "text"}], "type": "question"}, {"contents": {"content": "a service industry.", "type": ""}, "type": "post_question"}, {"content": "secondary_1", "type": "objective"}]}, {"id": 2, "responses": [{"id": 0, "correct": 1, "selected": 0, "_data": [{"content": "is", "type": "text"}]}, {"id": 1, "correct": 0, "selected": 0, "_data": [{"content": "are", "type": "text"}]}], "_data": [{"contents": [{"content": "A host community ", "type": "text"}], "type": "question"}, {"contents": {"content": "a group of people from the receiving country. ", "type": ""}, "type": "post_question"}, {"content": "secondary_1", "type": "objective"}]}], "_data": [{"contents": [{"content": " What is tourism related to?", "type": "text"}], "type": "instructions"}, {"contents": [{"content": "Quiz", "type": "group_name"}], "type": "group"}, {"content": {"attempt_feedback": [{"content": "", "type": "text"}, {"content": "", "type": "text"}], "allowed_attempts": 2, "incorrect_feedback": [{"content": "Whoops! Something important is missing.", "type": "text"}, {"content": "Maybe next time...", "type": "text"}], "correct_feedback": "Correct!"}, "type": "feedback"}, {"contents": [{"content": "Instructions: Click on the correct word to complete the sentence.", "type": "text"}], "type": "post_instructions"}]}, {"template_override": 1, "id": 2, "stimuli_ids": [], "type": "MT1", "questions": [{"id": 0, "responses": [{"id": 0, "correct": 0, "selected": 0, "_data": [{"content": "", "type": "text"}]}, {"id": 1, "correct": 1, "selected": 0, "_data": [{"content": "is a person who travels to another country.", "type": "text"}]}], "_data": [{"contents": [{"content": "An international tourist ", "type": "text"}], "type": "question"}, {"content": "secondary_1", "type": "objective"}]}, {"id": 1, "responses": [{"id": 0, "correct": 0, "selected": 0, "_data": [{"content": "", "type": "text"}]}, {"id": 1, "correct": 1, "selected": 0, "_data": [{"content": "tourists who travel inside their home country.", "type": "text"}]}], "_data": [{"contents": [{"content": "Domestic tourists are", "type": "text"}], "type": "question"}, {"content": "secondary_1", "type": "objective"}]}, {"id": 2, "responses": [{"id": 0, "correct": 0, "selected": 0, "_data": [{"content": "", "type": "text"}]}, {"id": 1, "correct": 1, "selected": 0, "_data": [{"content": "forms of international tourism.", "type": "text"}]}], "_data": [{"contents": [{"content": "Inbound and outbound are", "type": "text"}], "type": "question"}, {"content": "secondary_1", "type": "objective"}]}], "_data": [{"contents": [{"content": " Let's talk about the types of tourism.", "type": "text"}], "type": "instructions"}, {"contents": [{"content": "Quiz", "type": "group_name"}], "type": "group"}, {"content": {"attempt_feedback": [{"content": "", "type": "text"}, {"content": "", "type": "text"}], "allowed_attempts": 2, "incorrect_feedback": [{"content": "Whoops! Something important is missing.", "type": "text"}, {"content": "Maybe next time...", "type": "text"}], "correct_feedback": "Correct!"}, "type": "feedback"}, {"contents": [{"content": "Instructions: Move the words up or down <span class=\"sena\u00adicon\nsena\u00adicon\u00advertical\u00addrag\"></span> to complete each sentence.\n", "type": "text"}], "type": "post_instructions"}]}, {"template_override": 1, "id": 3, "stimuli_ids": [], "type": "ELS", "questions": [{"id": 0, "responses": [{"id": 0, "correct": false, "selected": 0, "_data": [{"content": "Tourism", "type": "text"}]}, {"text": "", "id": 1, "correct": true, "selected": 0, "_data": [{"content": "are", "type": "text"}]}, {"text": "", "id": 2, "correct": 0, "selected": 0, "_data": [{"content": "a", "type": "text"}]}, {"text": "", "id": 3, "correct": 0, "selected": 0, "_data": [{"content": "group", "type": "text"}]}, {"text": "", "id": 4, "correct": 0, "selected": 0, "_data": [{"content": "of", "type": "text"}]}, {"text": "", "id": 5, "correct": 0, "selected": 0, "_data": [{"content": "services", "type": "text"}]}, {"text": "", "id": 6, "correct": 0, "selected": 0, "_data": [{"content": "for", "type": "text"}]}, {"text": "", "id": 7, "correct": 0, "selected": 0, "_data": [{"content": "the", "type": "text"}]}, {"text": "", "id": 8, "correct": 0, "selected": 0, "_data": [{"content": "traveler.", "type": "text"}]}], "_data": [{"contents": [{"content": "", "type": "text"}], "type": "question"}, {"content": "secondary_1", "type": "objective"}]}, {"id": 1, "responses": [{"id": 0, "correct": false, "selected": 0, "_data": [{"content": "Entertainment", "type": "text"}]}, {"text": "", "id": 1, "correct": 0, "selected": 0, "_data": [{"content": "and", "type": "text"}]}, {"text": "", "id": 2, "correct": 0, "selected": 0, "_data": [{"content": "transportation", "type": "text"}]}, {"text": "", "id": 3, "correct": true, "selected": 0, "_data": [{"content": "is", "type": "text"}]}, {"text": "", "id": 4, "correct": 0, "selected": 0, "_data": [{"content": "services", "type": "text"}]}, {"text": "", "id": 5, "correct": 0, "selected": 0, "_data": [{"content": "for", "type": "text"}]}, {"text": "", "id": 6, "correct": 0, "selected": 0, "_data": [{"content": "the", "type": "text"}]}, {"text": "", "id": 7, "correct": 0, "selected": 0, "_data": [{"content": "tourist.", "type": "text"}]}], "_data": [{"contents": [{"content": "", "type": "text"}], "type": "question"}, {"content": "secondary_1", "type": "objective"}]}, {"id": 2, "responses": [{"id": 0, "correct": false, "selected": 0, "_data": [{"content": "Transportation,", "type": "text"}]}, {"text": "", "id": 1, "correct": 0, "selected": 0, "_data": [{"content": "hotels, ", "type": "text"}]}, {"text": "", "id": 2, "correct": 0, "selected": 0, "_data": [{"content": "and", "type": "text"}]}, {"text": "", "id": 3, "correct": 0, "selected": 0, "_data": [{"content": "shops", "type": "text"}]}, {"text": "", "id": 4, "correct": true, "selected": 0, "_data": [{"content": "is", "type": "text"}]}, {"text": "", "id": 5, "correct": 0, "selected": 0, "_data": [{"content": "parts", "type": "text"}]}, {"text": "", "id": 6, "correct": 0, "selected": 0, "_data": [{"content": "of", "type": "text"}]}, {"text": "", "id": 7, "correct": 0, "selected": 0, "_data": [{"content": "the", "type": "text"}]}, {"text": "", "id": 8, "correct": 0, "selected": 0, "_data": [{"content": "tourism", "type": "text"}]}, {"text": "", "id": 9, "correct": 0, "selected": 0, "_data": [{"content": "industry. ", "type": "text"}]}], "_data": [{"contents": [{"content": "", "type": "text"}], "type": "question"}, {"content": "secondary_1", "type": "objective"}]}], "_data": [{"contents": [{"content": " Is tourism a good business?", "type": "text"}], "type": "instructions"}, {"contents": [{"content": "Quiz", "type": "group_name"}], "type": "group"}, {"content": {"attempt_feedback": [{"content": "", "type": "text"}, {"content": "", "type": "text"}], "allowed_attempts": 2, "incorrect_feedback": [{"content": "Whoops! Something important is missing.", "type": "text"}, {"content": "Maybe next time...", "type": "text"}], "correct_feedback": "Correct!"}, "type": "feedback"}, {"contents": [{"content": "Instructions: Select the incorrect word in the sentence.", "type": "text"}], "type": "post_instructions"}]}, {"template_override": 1, "id": 4, "stimuli_ids": [], "type": "DMC", "questions": [{"id": 0, "responses": [{"id": 0, "correct": 0, "selected": 0, "_data": [{"content": "Inbound tourism is when you visit places in your own country.", "type": "text"}]}, {"id": 1, "correct": 1, "selected": 0, "_data": [{"content": "Outbound tourism is when people visit another country.", "type": "text"}]}, {"text": "", "id": 2, "correct": 0, "selected": 0, "_data": [{"content": "Domestic tourism is when a tourist travels to different attractions in his own country.", "type": "text"}]}, {"text": "", "id": 3, "correct": 0, "selected": 0, "_data": [{"content": "Internal tourism is when you leave your home country.", "type": "text"}]}, {"text": "", "id": 4, "correct": 0, "selected": 0, "_data": [{"content": "National tourism is the main market for travel agents and airlines.", "type": "text"}]}], "_data": [{"contents": [{"content": "Which of the following facts are true about types of tourism?", "type": "text"}], "type": "question"}, {"content": "secondary_1", "type": "objective"}]}], "_data": [{"contents": [{"content": " Let's go on a trip! What type of tourism is your trip?", "type": "text"}], "type": "instructions"}, {"contents": [{"content": "Quiz", "type": "group_name"}], "type": "group"}, {"content": {"attempt_feedback": [{"content": "", "type": "text"}, {"content": "", "type": "text"}], "allowed_attempts": 2, "incorrect_feedback": [{"content": "Whoops! Something important is missing.", "type": "text"}, {"content": "Maybe next time...", "type": "text"}], "correct_feedback": "Correct!"}, "type": "feedback"}, {"contents": [{"content": "Instructions: Select the correct answer. ", "type": "text"}], "type": "post_instructions"}]}, {"template_override": 1, "id": 5, "stimuli_ids": [], "type": "RSLT", "questions": [{"id": 0, "responses": [{"id": 0, "correct": 0, "selected": 0, "_data": [{"content": "", "type": "text"}]}, {"id": 1, "correct": 1, "selected": 0, "_data": [{"content": "", "type": "text"}]}], "_data": [{"contents": [{"content": "", "type": "text"}], "type": "question"}]}], "_data": [{"contents": [], "type": "instructions"}, {"contents": [{"content": "Quiz", "type": "group_name"}], "type": "group"}, {"content": {"attempt_feedback": [{"content": "", "type": "text"}, {"content": "", "type": "text"}], "allowed_attempts": 2, "incorrect_feedback": [{"content": "Whoops! Something important is missing.", "type": "text"}, {"content": "Maybe next time...", "type": "text"}], "correct_feedback": "Correct!"}, "type": "feedback"}]}]}], "type": "sena", "_data": [{"contents": [{"content": "", "type": "lesson_name"}, {"content": "What  Is Tourism?", "type": "unit_name"}, {"content": 1, "type": "position"}, {"content": "stub", "type": "origin"}, {"content": 1, "type": "lesson"}, {"content": "A1.1", "type": "level"}], "type": "metadata"}, {"contents": [{"content": "false", "type": "test"}], "type": "achievment_test"}, {"contents": [{"content": "These are words you hear/use to talk about tourism.", "type": "text"}], "type": "target_word_describer"}, {"contents": [{"content": "Identify information about tourism in simple spoken and written situations.  Interpret the proper conceptualization to identify the important elements of the tourism industry.", "type": "primary"}, {"content": "Understands simple information in slow conversations about the communicative topics and vocabulary related to this level. Recognizes the basic tourism conceptualization applied to the tourism guidance practice. ", "type": "secondary_1"}], "type": "objectives"}, {"content": "enpe1n1le01ob01re1img01.jpg", "type": "background_image"}, {"contents": [{"content": " Verb to be in Present in Affirmative Statements", "type": "heading"}, {"content": "We use the <span class= \"italic\">verb to be in simple present</span> (<span class= \"strong\">am</span>, <span class= \"strong\">is </span> or <span class= \"strong\">are</span>) to talk about present states or something that is true at the present moment.<span class= \"strong\"> </span>", "type": "describer"}, {"content": "To create an affirmative statement, you use am, is or are after the pronoun.", "type": "text"}, {"content": "Structure</br> Subject + verb to be + complement ", "type": "text"}, {"content": "Example:<span class=\"italic\"> Tourism is the organization and operation of vacations.", "type": "text"}, {"content": "</br><div class=\"center_text\"><span class= \"strong\">Verb to be in present; affirmative statements:", "type": "text"}, {"content": "{\"rows\":8,\"columns\":3,\"cells\":[\"{\\\"type\\\": \\\"text\\\", \\\"content\\\": \\\"Pronoun\\\"}\",\"{\\\"type\\\": \\\"text\\\", \\\"content\\\": \\\"Verb to be\\\"}\",\"{\\\"type\\\": \\\"text\\\", \\\"content\\\": \\\"Complement\\\"}\",\"{\\\"type\\\": \\\"text\\\", \\\"content\\\": \\\"I\\\"}\",\"{\\\"type\\\": \\\"text\\\", \\\"content\\\": \\\"am\\\"}\",\"{\\\"type\\\": \\\"text\\\", \\\"content\\\": \\\"<span class=\\\"italic\\\">the radio host</span>.\\\"}\",\"{\\\"type\\\": \\\"text\\\", \\\"content\\\": \\\"He\\\"}\",\"{\\\"type\\\": \\\"text\\\", \\\"content\\\": \\\"is\\\"}\",\"{\\\"type\\\": \\\"text\\\", \\\"content\\\": \\\"<span class=\\\"italic\\\">a tourism expert</span>.\\\"}\",\"{\\\"type\\\": \\\"text\\\", \\\"content\\\": \\\"She\\\"}\",\"{\\\"type\\\": \\\"text\\\", \\\"content\\\": \\\"is\\\"}\",\"{\\\"type\\\": \\\"text\\\", \\\"content\\\": \\\"<span class=\\\"italic\\\">a traveler</span>.\\\"}\",\"{\\\"type\\\": \\\"text\\\", \\\"content\\\": \\\"It\\\"}\",\"{\\\"type\\\": \\\"text\\\", \\\"content\\\": \\\"is\\\"}\",\"{\\\"type\\\": \\\"text\\\", \\\"content\\\": \\\"<span class=\\\"italic\\\">a hotel</span>.\\\"}\",\"{\\\"type\\\": \\\"text\\\", \\\"content\\\": \\\"We\\\"}\",\"{\\\"type\\\": \\\"text\\\", \\\"content\\\": \\\"are\\\"}\",\"{\\\"type\\\": \\\"text\\\", \\\"content\\\": \\\"<span class=\\\"italic\\\">in the destination</span>.\\\"}\",\"{\\\"type\\\": \\\"text\\\", \\\"content\\\": \\\"They\\\"}\",\"{\\\"type\\\": \\\"text\\\", \\\"content\\\": \\\"are\\\"}\",\"{\\\"type\\\": \\\"text\\\", \\\"content\\\": \\\"<span class=\\\"italic\\\">in a radio program</span>.\\\"}\",\"{\\\"type\\\": \\\"text\\\", \\\"content\\\": \\\"You\\\"}\",\"{\\\"type\\\": \\\"text\\\", \\\"content\\\": \\\"are\\\"}\",\"{\\\"type\\\": \\\"text\\\", \\\"content\\\": \\\"<span class=\\\"italic\\\">a city visitor</span>.\\\"}\"],\"styles\":\" intro_table_border instruction_table_background\"}", "type": "table"}, {"content": "Tourism  is a big industry.", "type": "example"}, {"content": "The tourist  is important for the industry.", "type": "example"}], "type": "learning_points"}, {"contents": [{"content": "available", "type": "name"}, {"content": "something that is ready to be used ", "type": "definition"}, {"content": "(adjective)", "type": "part_speech"}, {"content": "Example: Transportation, restaurants and other services are available for travelers.", "type": "example"}, {"content": "enpe1n1le01ob01aud01", "type": "audio"}], "type": "target_word"}, {"contents": [{"content": "host", "type": "name"}, {"content": "a person or entity that receives or entertains others", "type": "definition"}, {"content": "(noun)", "type": "part_speech"}, {"content": "Example: The Kogui community is a host for the tourists who want to visit Sierra Nevada.", "type": "example"}, {"content": "enpe1n1le01ob01aud02", "type": "audio"}], "type": "target_word"}, {"contents": [{"content": "terrific", "type": "name"}, {"content": "extraordinary", "type": "definition"}, {"content": "(adjective)", "type": "part_speech"}, {"content": "Example: Terrific! Now that we know about the industry, what about the clients, what is the role of the tourist?", "type": "example"}, {"content": "enpe1n1le01ob01aud03", "type": "audio"}], "type": "target_word"}, {"contents": [{"content": "needs", "type": "name"}, {"content": "necessities ", "type": "definition"}, {"content": "(noun)", "type": "part_speech"}, {"content": "Example: What about the clients and their needs? ", "type": "example"}, {"content": "enpe1n1le01ob01aud04", "type": "audio"}], "type": "target_word"}, {"contents": [{"content": "facilities", "type": "name"}, {"content": "equipment or service for doing something", "type": "definition"}, {"content": "(noun)", "type": "part_speech"}, {"content": "Example: The tourism industry provides services, facilities, and assistance to people.", "type": "example"}, {"content": "enpe1n1le01ob01aud05", "type": "audio"}], "type": "target_word"}, {"contents": [{"content": "unfortunately", "type": "name"}, {"content": "regrettably", "type": "definition"}, {"content": "(adverb)", "type": "part_speech"}, {"content": "Example: Unfortunately, we have to finish the program.", "type": "example"}, {"content": "enpe1n1le01ob01aud06", "type": "audio"}], "type": "target_word"}, {"contents": [{"content": "Forms of Tourism", "type": "heading"}, {"content": "Understand the different forms of tourism.", "type": "describer"}, {"content": "Tourism includes the activities of people who travel and stay in different places from their usual environment for a short period of time. There are many reasons like leisure, business, etc. ", "type": "text"}, {"content": "Tourism has different forms, for example:", "type": "text"}, {"content": "1. <span class=\"strong\">International Tourism</span>: </br></br> <ul>A. Inbound Tourism: visits to your country by non-residents </br>B. Outbound Tourism: visits by residents of your country to a different country", "type": "text"}, {"content": "2. <span class=\"strong\">Internal Tourism</span>: visits by residents of your country to places in your country.", "type": "text"}, {"content": "3. <span class=\"strong\">Domestic Tourism</span>: internal tourism plus inbound tourism (including hotels, attractions and other facilities that make the destination attractive to residents and non-residents).", "type": "text"}, {"content": "4. <span class=\"strong\">National Tourism</span>: internal tourism plus outbound tourism (including travel agencies and airlines that offer their services to residents of your country or other countries).", "type": "text"}, {"content": "International tourism is when people travel to other countries. ", "type": "example"}, {"content": "Internal tourism is when people travel within their country of residence. ", "type": "example"}, {"content": "Domestic tourism is internal tourism and tourism by visitors from other countries. ", "type": "example"}, {"content": "National tourism includes travel agencies and airlines.", "type": "example"}], "type": "learning_points"}, {"contents": [{"content": "Read more information about types of tourism.", "type": "text"}, {"content": "Find a touristic place in your country. ", "type": "text"}, {"content": "Write 6 sentences describing types of tourism and industries: hotels, restaurants, etc.", "type": "text"}, {"content": "Use the verb To Be in affirmative sentences.", "type": "text"}, {"content": "Share the information with your partners and your instructor.", "type": "text"}], "type": "takeaway_extension"}, {"contents": [{"content": "I find more information about types of tourism. ", "type": "text"}, {"content": "I write about the industries involved in tourism in my country.", "type": "text"}, {"content": "I use the verb To Be in affirmative sentences.", "type": "text"}, {"content": "I share the information with the rest of the class.", "type": "text"}], "type": "takeaway_assessment"}]}