{"labs": [{"id": 0, "stimuli": [{"id": 0, "template_override": 1, "_data": [], "contents": [{}], "type": "welcome"}, {"_data": [], "template_override": 1, "type": "text", "title": "", "id": 1, "contents": [{"value": "", "type": "p"}]}, {"_data": [], "template_override": 1, "type": "audio", "title": "", "id": 2, "contents": [{"value": {"images": [{"id": 0, "time": "0", "text": "", "image": "engenn2le01ob01re2img05.jpg"}, {"id": 1, "time": "400", "text": "<span class=\"strong product-color-text\">Conversation 1</span>", "image": "engenn2le01ob01re2img05.jpg"}, {"id": 2, "time": "400", "text": "<span class=\"strong\">Sally</span>: Hi, I'm Sally! What's your name?<br />\n<span class=\"strong\">Peter</span>: I'm Peter. Nice to meet you. How's it going?<br />\n<span class=\"strong\">Sally</span>: I'm good, thanks. Your name is Paul, right?<br />\n<span class=\"strong\">Peter</span>: No, Peter.", "image": "engenn2le01ob01re2img05.jpg"}, {"id": 3, "time": "16500", "text": "<span class=\"strong\">Sally</span>:  Oh, sorry!  Is this Mr. Edwards' class? <br />\n<span class=\"strong\">Peter</span>: Yes, it is. Are you a new student?<br />\n<span class=\"strong\">Sally</span>: Yes, I am. <br />\n<span class=\"strong\">Peter</span>: He's a good professor. Oh, here he is!", "image": "engenn2le01ob01re2img05.jpg"}, {"id": 4, "time": "30000", "text": "<span class=\"strong product-color-text\">Conversation 2</span>", "image": "engenn2le01ob01re2img01.jpg"}, {"id": 5, "time": "30000", "text": "<span class=\"strong\">Peter</span>: Good morning, Mr. Edwards.<br />\n<span class=\"strong\">Mr. Edwards</span>:  Hello, Mr. Smith.  How are you?", "image": "engenn2le01ob01re2img01.jpg"}, {"id": 6, "time": "35000", "text": "<span class=\"strong\">Peter</span>: I'm very well, thank you. Please, call me by my first name, Peter.  This is Sally. She's a new student.<br />\n<span class=\"strong\">Mr. Edwards</span>:  Hello, Sally. It's a pleasure to meet you and to be your teacher. What is your last name?", "image": "engenn2le01ob01re2img06.jpg"}, {"id": 7, "time": "51000", "text": "<span class=\"strong\">Sally</span>: Davis. <br />\n<span class=\"strong\">Mr. Edwards</span>: Welcome to class.<br/>\n<span class=\"strong\">Sally</span>: Thank you. It's a pleasure to meet to you, Mr. Edwards.", "image": "engenn2le01ob01re2img06.jpg"}, {"id": 8, "time": "58000", "text": "<span class=\"strong\">Mr. Edwards</span>:  Let's begin!", "image": "engenn2le01ob01re2img01.jpg"}], "audiosrc": "engenn2le01ob01re2aud01", "coverimg": "engenn2le01ob01re2img05.jpg"}, "type": "slideshow"}]}], "exercises": [{"stimuli_ids": [0], "template_override": 1, "type": "WLC", "id": 0, "img_path": "", "questions": [], "_data": [{"contents": [{"content": "How do you say hello to your friends? ", "type": "Free Header Item"}, {"content": "How do you say hello to a stranger? ", "type": "Free Header Item"}, {"content": "I can introduce myself and ask how people are.", "type": "Learning Outcomes"}, {"content": "I can ask people's names.", "type": "Learning Outcomes"}, {"content": "I can greet people and ask how they are.", "type": "Learning Outcomes"}], "type": "instructions"}, {"contents": [{"content": "Welcome", "type": "group_name"}], "type": "group"}, {"content": {"incorrect_feedback": [{"content": "try again", "type": "text"}, {"content": "Maybe next time", "type": "text"}], "allowed_attempts": 2, "attempt_feedback": [{"content": "You have 2 tries", "type": "text"}, {"content": "you have 1 attempt left", "type": "text"}], "correct_feedback": "Correct"}, "type": "feedback"}, {"content": "Ask your partner:", "type": "free_header_text"}, {"content": " Ciao! Hola! Hello! Say hello to people around you.", "type": "free_type_text_area"}]}, {"stimuli_ids": [2], "template_override": 1, "type": "STI", "id": 1, "questions": [{"id": 0, "_data": [{"contents": [{"content": "", "type": "text"}], "type": "question"}], "responses": [{"selected": 0, "correct": 0, "_data": [{"content": "", "type": "text"}], "id": 0}, {"selected": 0, "correct": 1, "_data": [{"content": "", "type": "text"}], "id": 1}]}], "_data": [{"contents": [{"content": "Sally and Peter <span class=\"tool-tip\" id=\"tip_2_0\">introduce</span> themselves to each other. Then, Peter introduces Sally to Mr. Edwards.", "type": "text"}], "type": "instructions"}, {"contents": [{"content": "Content", "type": "group_name"}], "type": "group"}, {"content": {"incorrect_feedback": [{"content": "Try again.", "type": "text"}, {"content": "Maybe next time\u2026", "type": "text"}], "allowed_attempts": 2, "attempt_feedback": [{"content": "You have 2 tries.", "type": "text"}, {"content": "You have 1 attempt left.", "type": "text"}], "correct_feedback": "Correct!"}, "type": "feedback"}, {"content": [{"tip_id": 0, "content": "<span class = \"italic\">\u201cIntroduce\u201d</span> means to present a person to another person.", "type": "text"}], "type": "tips"}, {"contents": [{"content": "Reading", "type": "skill"}, {"content": "Listening", "type": "skill"}], "type": "learning_skills"}, {"contents": [{"content": "Instructions: Click on the play button to listen to the audio.", "type": "text"}], "type": "post_instructions"}]}, {"stimuli_ids": [], "template_override": 1, "type": "MT1", "id": 2, "questions": [{"id": 0, "_data": [{"contents": [{"content": "Hi!", "type": "text"}], "type": "question"}, {"content": "secondary_1", "type": "objective"}], "responses": [{"selected": 0, "correct": 0, "_data": [{"content": "", "type": "text"}], "id": 0}, {"selected": 0, "correct": 1, "_data": [{"content": "Morning!", "type": "text"}], "id": 1}]}, {"id": 1, "_data": [{"contents": [{"content": "What is your last name?", "type": "text"}], "type": "question"}, {"content": "secondary_1", "type": "objective"}], "responses": [{"selected": 0, "correct": 0, "_data": [{"content": "", "type": "text"}], "id": 0}, {"selected": 0, "correct": 1, "_data": [{"content": "Davis.", "type": "text"}], "id": 1}]}, {"id": 2, "_data": [{"contents": [{"content": "How are you?", "type": "text"}], "type": "question"}, {"content": "secondary_1", "type": "objective"}], "responses": [{"selected": 0, "correct": 0, "_data": [{"content": "", "type": "text"}], "id": 0}, {"selected": 0, "correct": 1, "_data": [{"content": "I'm very well, thank you. ", "type": "text"}], "id": 1}]}, {"id": 3, "_data": [{"contents": [{"content": "This is Sally.", "type": "text"}], "type": "question"}, {"content": "secondary_1", "type": "objective"}], "responses": [{"selected": 0, "correct": 0, "_data": [{"content": "", "type": "text"}], "id": 0}, {"selected": 0, "correct": 1, "_data": [{"content": "Nice to meet you,  Sally.", "type": "text"}], "id": 1}]}, {"id": 4, "_data": [{"contents": [{"content": "What's your name?", "type": "text"}], "type": "question"}, {"content": "secondary_1", "type": "objective"}], "responses": [{"selected": 0, "correct": 0, "_data": [{"content": "", "type": "text"}], "id": 0}, {"selected": 0, "correct": 1, "_data": [{"content": "I'm Peter.", "type": "text"}], "id": 1}]}, {"id": 5, "_data": [{"contents": [{"content": "How's it going?", "type": "text"}], "type": "question"}, {"content": "secondary_1", "type": "objective"}], "responses": [{"selected": 0, "correct": 0, "_data": [{"content": "", "type": "text"}], "id": 0}, {"selected": 0, "correct": 1, "_data": [{"content": "I'm good, thanks.", "type": "text"}], "id": 1}]}, {"id": 6, "_data": [{"contents": [{"content": "", "type": "rec"}], "type": "question"}, {"content": "secondary_1", "type": "objective"}], "responses": [{"selected": 0, "correct": 0, "_data": [{"content": "", "type": "text"}], "id": 0}, {"selected": 0, "correct": 1, "_data": [{"content": "", "type": "text"}], "id": 1}]}], "_data": [{"contents": [{"content": "<span class=\"tool-tip\" id=\"tip_2_0\">What's</span> your <span class=\"tool-tip\" id=\"tip_2_1\">name</span>?  Time to meet people and speak English!  ", "type": "text"}], "type": "instructions"}, {"contents": [{"content": "Activity 1", "type": "group_name"}], "type": "group"}, {"content": {"incorrect_feedback": [{"content": "Whoops! Something important is missing.", "type": "text"}, {"content": "Maybe next time\u2026", "type": "text"}], "allowed_attempts": 2, "attempt_feedback": [{"content": "", "type": "text"}, {"content": "", "type": "text"}], "correct_feedback": "Correct!"}, "type": "feedback"}, {"content": [{"tip_id": 0, "content": "<span class= \"italic\">\u201cWhat's\u201d</span> is the short form of \u201cWhat is\u201d.  Notice the apostrophe:  '", "type": "text"}, {"tip_id": 1, "content": "First name = Maria   </br>   Last name = Gonzales", "type": "text"}], "type": "tips"}, {"contents": [{"content": "Reading", "type": "skill"}, {"content": "Speaking", "type": "skill"}], "type": "learning_skills"}, {"contents": [{"content": "Instructions: Move the words up or down <span class=\"sena-icon sena-icon-vertical-drag\"></span> to complete the sentence. Record yourself saying the sentences aloud. ", "type": "text"}, {"content": "You have 2 attempts to submit your answers.", "type": "text"}], "type": "post_instructions"}]}, {"stimuli_ids": [], "template_override": 1, "type": "DFL", "id": 3, "questions": [{"id": 0, "_data": [{"contents": [{"content": "Casual", "type": "text"}], "type": "question"}, {"content": "secondary_2", "type": "objective"}], "responses": [{"selected": 0, "correct": 0, "_data": [{"content": "", "type": "text"}], "id": 0}, {"selected": 0, "correct": 1, "_data": [{"content": "Hi", "type": "text"}], "id": 1}, {"selected": 0, "correct": 1, "text": "", "_data": [{"content": "How's it going?", "type": "text"}], "id": 2}, {"selected": 0, "correct": 1, "text": "", "_data": [{"content": "Morning!", "type": "text"}], "id": 3}, {"selected": 0, "correct": 1, "text": "", "_data": [{"content": "Afternoon!", "type": "text"}], "id": 4}, {"selected": 0, "correct": 1, "text": "", "_data": [{"content": "Evening!", "type": "text"}], "id": 5}]}, {"id": 1, "_data": [{"contents": [{"content": "Polite", "type": "text"}], "type": "question"}, {"content": "secondary_2", "type": "objective"}], "responses": [{"selected": 0, "correct": 0, "_data": [{"content": "", "type": "text"}], "id": 0}, {"selected": 0, "correct": 1, "_data": [{"content": "Hello!", "type": "text"}], "id": 1}, {"selected": 0, "correct": 1, "text": "", "_data": [{"content": "How are you?", "type": "text"}], "id": 2}, {"selected": 0, "correct": 1, "text": "", "_data": [{"content": "Good morning", "type": "text"}], "id": 3}, {"selected": 0, "correct": 1, "text": "", "_data": [{"content": "Good afternoon", "type": "text"}], "id": 4}, {"selected": 0, "correct": 1, "text": "", "_data": [{"content": "Good Evening", "type": "text"}], "id": 5}]}], "_data": [{"contents": [{"content": "Do you know these polite and casual greetings?  Let's see!", "type": "text"}], "type": "instructions"}, {"contents": [{"content": "Activity 2", "type": "group_name"}], "type": "group"}, {"content": {"incorrect_feedback": [{"content": "Whoops! Something important is missing.", "type": "text"}, {"content": "Maybe next time\u2026", "type": "text"}], "allowed_attempts": 2, "attempt_feedback": [{"content": "", "type": "text"}, {"content": "", "type": "text"}], "correct_feedback": "Correct!"}, "type": "feedback"}, {"content": "", "type": "DFL_background_image"}, {"content": "", "type": "exercise_background_image"}, {"contents": [{"content": "Reading", "type": "skill"}], "type": "learning_skills"}, {"contents": [{"content": "Instructions: Click on the words and move them to the correct category.", "type": "text"}, {"content": "You have 2 attempts to submit your answers.", "type": "text"}], "type": "post_instructions"}]}, {"stimuli_ids": [], "template_override": 1, "type": "TYP", "id": 4, "questions": [{"id": 0, "_data": [{"contents": [{"content": "engenn2le01ob01re5aud01", "type": "audio"}, {"content": "<span class = \"strong\">Sally</span>: Hi, I'm Sally! What's", "type": "text"}], "type": "question"}, {"contents": {"content": "?", "type": ""}, "type": "post_question"}, {"content": "secondary_3", "type": "objective"}], "responses": [{"selected": 0, "correct": 0, "_data": [{"content": "", "type": "text"}], "id": 0}, {"selected": 0, "correct": 1, "_data": [{"content": "your name", "type": "text"}], "id": 1}]}, {"id": 1, "_data": [{"contents": [{"content": "engenn2le01ob01re5aud02", "type": "audio"}, {"content": "<span class = \"strong\">Peter</span>: I'm Peter. Nice", "type": "text"}], "type": "question"}, {"contents": {"content": ". How's it going?", "type": ""}, "type": "post_question"}, {"content": "secondary_3", "type": "objective"}], "responses": [{"selected": 0, "correct": 0, "_data": [{"content": "", "type": "text"}], "id": 0}, {"selected": 0, "correct": 1, "_data": [{"content": "to meet you", "type": "text"}], "id": 1}]}, {"id": 2, "_data": [{"contents": [{"content": "engenn2le01ob01re5aud03", "type": "audio"}, {"content": "<span class = \"strong\">Sally</span>: I'm good,", "type": "text"}], "type": "question"}, {"contents": {"content": ".", "type": ""}, "type": "post_question"}, {"content": "secondary_3", "type": "objective"}], "responses": [{"selected": 0, "correct": 0, "_data": [{"content": "", "type": "text"}], "id": 0}, {"selected": 0, "correct": 1, "_data": [{"content": "thanks", "type": "text"}], "id": 1}]}], "_data": [{"contents": [{"content": "Sally and Peter introduce each other. What do they say?", "type": "text"}], "type": "instructions"}, {"contents": [{"content": "Activity 3", "type": "group_name"}], "type": "group"}, {"content": {"incorrect_feedback": [{"content": "Whoops! Something important is missing.", "type": "text"}, {"content": "Maybe next time\u2026", "type": "text"}], "allowed_attempts": 2, "attempt_feedback": [{"content": "", "type": "text"}, {"content": "", "type": "text"}], "correct_feedback": "Correct!"}, "type": "feedback"}, {"contents": [{"content": "Reading", "type": "skill"}, {"content": "Listening", "type": "skill"}], "type": "learning_skills"}, {"contents": [{"content": "Instructions: Listen to the audio. Type in the missing words.", "type": "text"}, {"content": "You have 2 attempts to submit your answers.", "type": "text"}], "type": "post_instructions"}]}, {"stimuli_ids": [], "template_override": 1, "type": "MFL", "id": 5, "questions": [{"id": 0, "_data": [{"contents": [{"content": "<span class = \"strong\">Karen</span>: ", "type": "text"}], "type": "question"}, {"contents": {"content": "it going today, Gabriel?", "type": ""}, "type": "post_question"}, {"content": "secondary_4", "type": "objective"}], "responses": [{"selected": 0, "correct": 0, "_data": [{"content": "", "type": "text"}], "id": 0}, {"selected": 0, "correct": 0, "_data": [{"content": "How", "type": "text"}], "id": 1}, {"selected": 0, "correct": 1, "text": "", "_data": [{"content": "How's", "type": "text"}], "id": 2}, {"selected": 0, "correct": 0, "text": "", "_data": [{"content": "How are", "type": "text"}], "id": 3}]}, {"id": 1, "_data": [{"contents": [{"content": "<span class = \"strong\">Gabriel</span>: ", "type": "text"}], "type": "question"}, {"contents": {"content": ", thanks Karen. And you?", "type": ""}, "type": "post_question"}, {"content": "secondary_4", "type": "objective"}], "responses": [{"selected": 0, "correct": 0, "_data": [{"content": "", "type": "text"}], "id": 0}, {"selected": 0, "correct": 1, "_data": [{"content": "I'm good", "type": "text"}], "id": 1}, {"selected": 0, "correct": 0, "text": "", "_data": [{"content": "I good", "type": "text"}], "id": 2}, {"selected": 0, "correct": 0, "text": "", "_data": [{"content": "I is good", "type": "text"}], "id": 3}]}], "_data": [{"contents": [{"content": "Karen and Gabriel are friends. How do they greet each other?", "type": "text"}], "type": "instructions"}, {"contents": [{"content": "Quiz", "type": "group_name"}], "type": "group"}, {"content": {"incorrect_feedback": [{"content": "Try again.", "type": "text"}, {"content": "Maybe next time\u2026", "type": "text"}], "allowed_attempts": 2, "attempt_feedback": [{"content": "You have 2 tries.", "type": "text"}, {"content": "You have 1 attempt left.", "type": "text"}], "correct_feedback": "Correct!"}, "type": "feedback"}, {"contents": [], "type": "learning_skills"}, {"contents": [{"content": "Instructions: Click on the drop-down list. Complete the sentence by selecting the correct answer.", "type": "text"}], "type": "post_instructions"}, {"contents": [{"content": "BLANK", "type": "pre_quiz"}], "type": "pre_screen"}]}, {"stimuli_ids": [], "template_override": 1, "type": "MRW", "id": 6, "questions": [{"id": 0, "_data": [{"contents": [{"content": "<span class = \"strong\">Karen</span>: Hi,", "type": "text"}], "type": "question"}, {"contents": {"content": "Karen! What's your name?", "type": ""}, "type": "post_question"}, {"content": "secondary_5", "type": "objective"}], "responses": [{"selected": 0, "correct": 0, "_data": [{"content": "I", "type": "text"}], "id": 0}, {"selected": 0, "correct": 1, "_data": [{"content": "I'm", "type": "text"}], "id": 1}]}, {"id": 1, "_data": [{"contents": [{"content": "<span class = \"strong\">Gabriel</span>:", "type": "text"}], "type": "question"}, {"contents": {"content": "to meet you, Karen. My name is Gabriel.", "type": ""}, "type": "post_question"}, {"content": "secondary_5", "type": "objective"}], "responses": [{"selected": 0, "correct": 1, "_data": [{"content": "Nice", "type": "text"}], "id": 0}, {"selected": 0, "correct": 0, "_data": [{"content": "Nine", "type": "text"}], "id": 1}]}, {"id": 2, "_data": [{"contents": [{"content": "<span class = \"strong\">Gabriel</span>: ", "type": "text"}], "type": "question"}, {"contents": {"content": ", Mr. Gordon.", "type": ""}, "type": "post_question"}, {"content": "secondary_5", "type": "objective"}], "responses": [{"selected": 0, "correct": 0, "_data": [{"content": "Afternoon!", "type": "text"}], "id": 0}, {"selected": 0, "correct": 1, "_data": [{"content": "Good Afternoon", "type": "text"}], "id": 1}]}, {"id": 3, "_data": [{"contents": [{"content": "<span class = \"strong\">Mr. Gordon</span>: ", "type": "text"}], "type": "question"}, {"contents": {"content": ", Mr. Jones. How are you?", "type": ""}, "type": "post_question"}, {"content": "secondary_5", "type": "objective"}], "responses": [{"selected": 0, "correct": 0, "_data": [{"content": "Goodbye", "type": "text"}], "id": 0}, {"selected": 0, "correct": 1, "_data": [{"content": "Hello", "type": "text"}], "id": 1}]}], "_data": [{"contents": [{"content": "How do Sally and Peter introduce each other?  How do Peter and Mr. Edwards greet each other?", "type": "text"}], "type": "instructions"}, {"contents": [{"content": "Quiz", "type": "group_name"}], "type": "group"}, {"content": {"incorrect_feedback": [{"content": "Try again.", "type": "text"}, {"content": "Maybe next time\u2026", "type": "text"}], "allowed_attempts": 2, "attempt_feedback": [{"content": "You have 2 tries.", "type": "text"}, {"content": "You have 1 attempt left.", "type": "text"}], "correct_feedback": "Correct!"}, "type": "feedback"}, {"contents": [], "type": "learning_skills"}, {"contents": [{"content": "Instructions: Click on the correct word to complete the sentence.", "type": "text"}], "type": "post_instructions"}]}, {"stimuli_ids": [], "template_override": 1, "type": "DMC", "id": 7, "questions": [{"id": 0, "_data": [{"contents": [{"content": "Select the polite greeting.", "type": "text"}], "type": "question"}, {"content": "secondary_6", "type": "objective"}], "responses": [{"selected": 0, "correct": 0, "_data": [{"content": "Hi!", "type": "text"}], "id": 0}, {"selected": 0, "correct": 1, "_data": [{"content": "Good morning.", "type": "text"}], "id": 1}, {"selected": 0, "correct": 0, "text": "", "_data": [{"content": "How's it going?", "type": "text"}], "id": 2}, {"selected": 0, "correct": 0, "text": "", "_data": [{"content": "Hey!", "type": "text"}], "id": 3}, {"selected": 0, "correct": 0, "text": "", "_data": [{"content": "Goodbye!", "type": "text"}], "id": 4}, {"selected": 0, "correct": 0, "text": "", "_data": [{"content": "Evening!", "type": "text"}], "id": 5}]}], "_data": [{"contents": [{"content": "You meet a co-worker. What do you say?", "type": "text"}], "type": "instructions"}, {"contents": [{"content": "Quiz", "type": "group_name"}], "type": "group"}, {"content": {"incorrect_feedback": [{"content": "Try again.", "type": "text"}, {"content": "Maybe next time\u2026", "type": "text"}], "allowed_attempts": 2, "attempt_feedback": [{"content": "", "type": "text"}, {"content": "You have 1 attempt left.", "type": "text"}], "correct_feedback": "Correct!"}, "type": "feedback"}, {"contents": [{"content": "Instructions: Select the correct answer.", "type": "text"}], "type": "post_instructions"}]}, {"stimuli_ids": [], "template_override": 2, "type": "TYP", "id": 8, "questions": [{"id": 0, "_data": [{"contents": [{"content": "<span class = \"strong\">Mr. Brown</span>: Hello Karen. It's nice", "type": "text"}], "type": "question"}, {"contents": {"content": ". What is your", "type": ""}, "type": "post_question"}, {"content": "secondary_7", "type": "objective"}], "responses": [{"selected": 0, "correct": 0, "_data": [{"content": "", "type": "text"}], "id": 0}, {"selected": 0, "correct": 1, "_data": [{"content": "to meet you", "type": "text"}], "id": 1}]}, {"id": 1, "_data": [{"contents": [{"content": "", "type": "text"}], "type": "question"}, {"contents": {"content": "name?</br> <span class = \"strong\">Karen</span>: Clark. ", "type": ""}, "type": "post_question"}, {"content": "secondary_7", "type": "objective"}], "responses": [{"selected": 0, "correct": 0, "_data": [{"content": "", "type": "text"}], "id": 0}, {"selected": 0, "correct": 1, "_data": [{"content": "last", "type": "text"}], "id": 1}]}, {"id": 2, "_data": [{"contents": [{"content": "It's a ", "type": "text"}], "type": "question"}, {"contents": {"content": "to meet you too, Mr.Brown. ", "type": ""}, "type": "post_question"}, {"content": "secondary_7", "type": "objective"}], "responses": [{"selected": 0, "correct": 0, "_data": [{"content": "", "type": "text"}], "id": 0}, {"selected": 0, "correct": 1, "_data": [{"content": "pleasure", "type": "text"}], "id": 1}]}, {"id": 3, "_data": [{"contents": [{"content": "<br><span class=\"strong\">Mr.Brown</span>: ", "type": "text"}], "type": "question"}, {"contents": {"content": "you.", "type": ""}, "type": "post_question"}, {"content": "secondary_7", "type": "objective"}], "responses": [{"selected": 0, "correct": 0, "_data": [{"content": "", "type": "text"}], "id": 0}, {"selected": 0, "correct": 1, "_data": [{"content": "Thank", "type": "text"}], "id": 1}]}], "_data": [{"contents": [{"content": " Mr. Edwards meets Sally for the first time. What question does he ask her?", "type": "text"}], "type": "instructions"}, {"contents": [{"content": "Quiz", "type": "group_name"}], "type": "group"}, {"content": {"incorrect_feedback": [{"content": "Try again.", "type": "text"}, {"content": "Maybe next time\u2026", "type": "text"}], "allowed_attempts": 2, "attempt_feedback": [{"content": "You have 2 tries.", "type": "text"}, {"content": "You have 1 attempt left.", "type": "text"}], "correct_feedback": "Correct!"}, "type": "feedback"}, {"contents": [{"content": "Instructions: Type in the missing words. Use capital letters where necessary.", "type": "text"}], "type": "post_instructions"}, {"content": 2, "type": "template_override"}]}, {"stimuli_ids": [], "template_override": 1, "type": "DMC", "id": 9, "questions": [{"id": 0, "_data": [{"contents": [{"content": "Select the casual greeting.", "type": "text"}], "type": "question"}, {"content": "secondary_8", "type": "objective"}], "responses": [{"selected": 0, "correct": 0, "_data": [{"content": "It's a pleasure to meet you.", "type": "text"}], "id": 0}, {"selected": 0, "correct": 0, "_data": [{"content": "Good afternoon.", "type": "text"}], "id": 1}, {"selected": 0, "correct": 1, "text": "", "_data": [{"content": "How's it going?", "type": "text"}], "id": 2}, {"selected": 0, "correct": 0, "text": "", "_data": [{"content": "Hello", "type": "text"}], "id": 3}, {"selected": 0, "correct": 0, "text": "", "_data": [{"content": "Good morning.", "type": "text"}], "id": 4}]}], "_data": [{"contents": [{"content": "You meet a friend. What do they say?", "type": "text"}], "type": "instructions"}, {"contents": [{"content": "Quiz", "type": "group_name"}], "type": "group"}, {"content": {"incorrect_feedback": [{"content": "Try again.", "type": "text"}, {"content": "Maybe next time\u2026", "type": "text"}], "allowed_attempts": 2, "attempt_feedback": [{"content": "You have 2 tries.", "type": "text"}, {"content": "You have 1 attempt left.", "type": "text"}], "correct_feedback": "Correct!"}, "type": "feedback"}, {"contents": [{"content": "Instructions: Select the correct answer.", "type": "text"}], "type": "post_instructions"}]}, {"stimuli_ids": [], "template_override": 1, "type": "RSLT", "id": 10, "questions": [{"id": 0, "_data": [{"contents": [{"content": "", "type": "text"}], "type": "question"}], "responses": [{"selected": 0, "correct": 0, "_data": [{"content": "", "type": "text"}], "id": 0}, {"selected": 0, "correct": 1, "_data": [{"content": "", "type": "text"}], "id": 1}]}], "_data": [{"contents": [], "type": "instructions"}, {"contents": [{"content": "Quiz", "type": "group_name"}], "type": "group"}, {"content": {"incorrect_feedback": [{"content": "Try again.", "type": "text"}, {"content": "Maybe next time\u2026", "type": "text"}], "allowed_attempts": 2, "attempt_feedback": [{"content": "You have 2 tries.", "type": "text"}, {"content": "You have 1 attempt left.", "type": "text"}], "correct_feedback": "Correct!"}, "type": "feedback"}]}, {"stimuli_ids": [], "template_override": 1, "type": "DWS", "id": 11, "questions": [{"id": 0, "_data": [{"contents": [{"content": "engenn2le01ob01re7pdf01.pdf", "type": "pdf"}], "type": "question"}], "responses": [{"selected": 0, "correct": 1, "_data": [{"content": "", "type": "text"}], "id": 0}]}], "_data": [{"contents": [], "type": "instructions"}, {"contents": [{"content": "Take Away", "type": "group_name"}], "type": "group"}, {"content": {"incorrect_feedback": [{"content": "Try again.", "type": "text"}, {"content": "Maybe next time\u2026", "type": "text"}], "allowed_attempts": 2, "attempt_feedback": [{"content": "You have 2 tries.", "type": "text"}, {"content": "You have 1 attempt left.", "type": "text"}], "correct_feedback": "Correct!"}, "type": "feedback"}, {"contents": [{"content": "Reading", "type": "skill"}, {"content": "Writing", "type": "skill"}, {"content": "Speaking", "type": "skill"}], "type": "learning_skills"}]}], "_data": [{"contents": [{"content": true, "type": "has_nav"}, {"content": true, "type": "has_exercise_controls"}], "type": "lab_options"}], "type": "scholar"}], "_data": [{"contents": [{"content": "Starting Out", "type": "lesson_name"}, {"content": "Saying Hello", "type": "unit_name"}, {"content": 1, "type": "position"}, {"content": "scholar > How to Master Small Talk > Saying Hello", "type": "origin"}, {"content": 1, "type": "lesson"}, {"content": "A1.1", "type": "level"}], "type": "metadata"}, {"contents": [{"content": "false", "type": "test"}], "type": "achievment_test"}, {"contents": [{"content": "Exchange personal information about the home and family in communicative situations.", "type": "primary"}, {"content": "Understands simple information in slow conversations about the communicative topics and vocabulary related to this level.  ", "type": "secondary_1"}, {"content": "Understands key information in written texts about the communicative topics related to this level.", "type": "secondary_2"}, {"content": "Understands key information in written texts about the communicative topics related to this level.", "type": "secondary_3"}, {"content": "Understands simple information in slow conversations about the communicative topics and vocabulary related to this level. ", "type": "secondary_4"}, {"content": "Understands key information in written texts about the communicative topics related to this level.", "type": "secondary_5"}, {"content": "Understands key information in written texts about the communicative topics related to this level.", "type": "secondary_6"}, {"content": "Understands key information in written texts about the communicative topics related to this level.", "type": "secondary_7"}, {"content": "Understands key information in written texts about the communicative topics related to this level.", "type": "secondary_8"}], "type": "objectives"}, {"contents": [{"content": "These are words you use when you meet someone in a school.", "type": "text"}], "type": "target_word_describer"}, {"contents": [{"content": "name", "type": "name"}, {"content": "the word we call a person", "type": "definition"}, {"content": "(noun)", "type": "part_speech"}, {"content": "Example: Hi, I'm Sally! What's your name?", "type": "example"}, {"content": "engenn2le01ob01aud01", "type": "audio"}], "type": "target_word"}, {"contents": [{"content": "How are you?", "type": "name"}, {"content": "a greeting and a question to ask how a person feels", "type": "definition"}, {"content": "(expression)", "type": "part_speech"}, {"content": "Example: Hello, Mr. Smith.  How are you? ", "type": "example"}, {"content": "engenn2le01ob01aud02", "type": "audio"}], "type": "target_word"}, {"contents": [{"content": "thank you", "type": "name"}, {"content": "an expression of thanks for something", "type": "definition"}, {"content": "(expression)", "type": "part_speech"}, {"content": "Example:  I'm very well, thank you.", "type": "example"}, {"content": "engenn2le01ob01aud03", "type": "audio"}], "type": "target_word"}, {"contents": [{"content": "teacher", "type": "name"}, {"content": "an educator, a person who works in a school", "type": "definition"}, {"content": "(noun)", "type": "part_speech"}, {"content": "Example: It's a pleasure to meet you and to be your teacher.", "type": "example"}, {"content": "engenn2le01ob01aud04", "type": "audio"}], "type": "target_word"}, {"contents": [{"content": "student", "type": "name"}, {"content": "a person who learns", "type": "definition"}, {"content": "(noun)", "type": "part_speech"}, {"content": "Example: This is Sally. She's a new student.", "type": "example"}, {"content": "engenn2le01ob01aud05", "type": "audio"}], "type": "target_word"}, {"contents": [{"content": "well", "type": "name"}, {"content": "good; fine", "type": "definition"}, {"content": "(adverb)", "type": "part_speech"}, {"content": "Example: I'm very well, thank you.", "type": "example"}, {"content": "engenn2le01ob01aud06", "type": "audio"}], "type": "target_word"}, {"contents": [{"content": "I'm sorry", "type": "name"}, {"content": "an apology for a situation", "type": "definition"}, {"content": "(expression)", "type": "part_speech"}, {"content": "Example: Oh, I'm sorry! I spelled your name incorrectly.", "type": "example"}, {"content": "engenn2le01ob01aud07", "type": "audio"}], "type": "target_word"}, {"contents": [{"content": "professor", "type": "name"}, {"content": "an educator, a person who teaches college or university students", "type": "definition"}, {"content": "(noun)", "type": "part_speech"}, {"content": "Example: Mr. Edwards is a good professor.", "type": "example"}, {"content": "engenn2le01ob01aud08", "type": "audio"}], "type": "target_word"}, {"contents": [{"content": "Greetings", "type": "heading"}, {"content": "You use polite greetings for people at work or people you don't know.  </br> You use casual greetings with people you know well. ", "type": "describer"}, {"content": "{\"rows\":\"2\",\"columns\":\"2\",\"cells\":[\"{\\\"type\\\": \\\"text\\\", \\\"content\\\": \\\"<span class=\\\"strong\\\">Polite</span>\\\"}\",\"{\\\"type\\\": \\\"text\\\", \\\"content\\\": \\\"<span class=\\\"strong\\\">Casual</span>\\\"}\",\"{\\\"type\\\": \\\"text\\\", \\\"content\\\": \\\"<span class=\\\"strong\\\">Greetings:</span></br><span class=\\\"italic\\\">Hello</br>Good morning</br>Good afternoon</br>Good evening</br>How are you doing? </br> </br>  <span class=\\\"strong\\\">Response</span></br> <span class=\\\"italic\\\"> I'm very well, thank you!</span>\\\"}\",\"{\\\"type\\\": \\\"text\\\", \\\"content\\\": \\\"<span class=\\\"strong\\\">Greetings:</span></br><span class=\\\"italic\\\">Hi!   Hey! </br>Morning!</br>Afternoon!</br>Evening!</br>How's it going? </br> </br>  <span class=\\\"strong\\\">Response</span></br> <span class=\\\"italic\\\"> I'm good, thanks!</span>\\\"}\"],\"styles\":\" instruction_table_background intro_table_border\"}", "type": "table"}], "type": "learning_points"}, {"contents": [{"content": "Introductions", "type": "heading"}, {"content": "Here's how you introduce yourself and introduce another person in English:", "type": "describer"}, {"content": "<span class=\"strong\">Sally</span>: <span class=\"italic\">Hi, I'm Sally! What's your name?</span></br><span class=\"strong\">Peter</span>: <span class=\"italic\">I'm Peter. Nice to meet you.</span> </br> </br>  <span class=\"strong\">Peter</span>: <span class=\"italic\">This is Sally. She's a new student.</span></br><span class=\"strong\">Mr Edwards</span>: <span class=\"italic\">Hello Sally. It's a pleasure to meet you.</span>", "type": "example"}, {"content": "{\"rows\":\"2\",\"columns\":\"4\",\"cells\":[\"{\\\"type\\\": \\\"text\\\", \\\"content\\\": \\\"<span class=\\\"strong\\\">Introduce Yourself</span>\\\"}\",\"{\\\"type\\\": \\\"text\\\", \\\"content\\\": \\\"<span class=\\\"strong\\\">Ask a Person's Name</span>\\\"}\",\"{\\\"type\\\": \\\"text\\\", \\\"content\\\": \\\"<span class=\\\"strong\\\">Introduce Another Person</span>\\\"}\",\"{\\\"type\\\": \\\"text\\\", \\\"content\\\": \\\"<span class=\\\"strong\\\">Response</span>\\\"}\",\"{\\\"type\\\": \\\"text\\\", \\\"content\\\": \\\"I'm...\\\"}\",\"{\\\"type\\\": \\\"text\\\", \\\"content\\\": \\\"What's your name?</br>What is your first name?</br>What is your last name?\\\"}\",\"{\\\"type\\\": \\\"text\\\", \\\"content\\\": \\\"This is...\\\"}\",\"{\\\"type\\\": \\\"text\\\", \\\"content\\\": \\\"Nice to meet you.</br>It's a pleasure to meet you.\\\"}\"],\"styles\":\" instruction_table_background intro_table_border\"}", "type": "table"}], "type": "learning_points"}, {"content": "engenn2le01ob01re1img01.jpg", "type": "background_image"}], "type": "sena"}